{
	"immune-01": [
		{
			"constructor": "game.app.entity.Cell",
			"arguments": [{
				"team": "neutral",
				"radius": 120,
				"position": {
					"x": 240,
					"y": -120
				}
			}]
		}, {
			"constructor": "game.app.entity.Cell",
			"arguments": [{
				"team": "neutral",
				"radius": 120,
				"position": {
					"x": -320,
					"y": -120
				}
			}]
		}, {
			"constructor": "game.app.entity.Cell",
			"arguments": [{
				"team": "neutral",
				"radius": 120,
				"position": {
					"x": 120,
					"y": 320
				}
			}]
		}, {
			"constructor": "game.app.entity.Cell",
			"arguments": [{
				"team": "neutral",
				"radius": 80,
				"position": {
					"x": 0,
					"y": 0
				}
			}]
		}
	],
	"immune-02": [
	]
}
