<l:table>
<l:colgroup>
<l:col num="1" span="1" width="96"/>
<l:col num="2" span="1" width="398"/>
</l:colgroup>
<l:tbody>
<l:tr>
<l:td border-bottom="true" border-left="true" border-right="true" border-top="true">
<l:paragraph>
<l:bold>sehr h�ufig:</l:bold>
</l:paragraph>
</l:td>
<l:td border-bottom="true" border-left="true" border-right="true" border-top="true">
<l:paragraph>mehr als 1 von 10 Behandelten</l:paragraph>
</l:td>
</l:tr>
<l:tr>
<l:td border-bottom="true" border-left="true" border-right="true" border-top="false">
<l:paragraph>
<l:bold>h�ufig:</l:bold>
</l:paragraph>
</l:td>
<l:td border-bottom="true" border-left="true" border-right="true" border-top="false">
<l:paragraph>weniger als 1 von 10, aber mehr als 1 von 100 Behandelten</l:paragraph>
</l:td>
</l:tr>
<l:tr>
<l:td border-bottom="true" border-left="true" border-right="true" border-top="false">
<l:paragraph>
<l:bold>gelegentlich:</l:bold>
</l:paragraph>
</l:td>
<l:td border-bottom="true" border-left="true" border-right="true" border-top="false">
<l:paragraph>weniger als 1 von 100, aber mehr als 1 von 1000 Behandelten</l:paragraph>
</l:td>
</l:tr>
<l:tr>
<l:td border-bottom="true" border-left="true" border-right="true" border-top="true">
<l:paragraph>
<l:bold>selten:</l:bold>
</l:paragraph>
</l:td>
<l:td border-bottom="true" border-left="true" border-right="true" border-top="true">
<l:paragraph>weniger als 1 von 1000, aber mehr als 1 von 10 000 Behandelten</l:paragraph>
</l:td>
</l:tr>
<l:tr>
<l:td border-bottom="true" border-left="true" border-right="true" border-top="true">
<l:paragraph>
<l:bold>sehr selten:</l:bold>
</l:paragraph>
</l:td>
<l:td border-bottom="true" border-left="true" border-right="true" border-top="true">
<l:paragraph>weniger als 1 von 10 000 Behandelten oder unbekannt</l:paragraph>
</l:td>
</l:tr>
</l:tbody>
</l:table>