<?xml version="1.0" encoding="UTF-8" standalone="no"?>
<gi:gi
 xmlns:gi="http://rote-liste.de/gibook/1/"
 xmlns:i="http://rote-liste.de/inline/1/"
 xmlns:l="http://rote-liste.de/layout/1/">
<gi:meta-daten produkttyp="arzneimittel" status="apothekenpflichtig"><gi:pu-namen><gi:zulassungsinhaber>Steigerwald</gi:zulassungsinhaber></gi:pu-namen><gi:praeparat name="Iberogast® Flüssigkeit"><gi:darreichungsformen><gi:darreichungsform name="N/A"><gi:wirkstoffe><gi:wirkstoff name="Iberis amara (frische Ganzpflanze)"/><gi:wirkstoff name="Angelikawurzel"/><gi:wirkstoff name="Kamillenblüten"/><gi:wirkstoff name="Kümmelfrüchten"/><gi:wirkstoff name="Mariendistelfrüchten"/><gi:wirkstoff name="Melissenblättern"/><gi:wirkstoff name="Pfefferminzblättern"/><gi:wirkstoff name="Schöllkraut"/><gi:wirkstoff name="Süßholzwurzel"/></gi:wirkstoffe><gi:packungen><gi:packung name="N/A" pzn="0514644"/><gi:packung name="N/A" pzn="0514650"/><gi:packung name="N/A" pzn="2503461"/></gi:packungen></gi:darreichungsform></gi:darreichungsformen></gi:praeparat>
 <gi:gi-stand sortid="0">
 <!-- ÄNDERUNG: Wort "Stand:" entfernt -->
   12.03.2009
 </gi:gi-stand>
 <gi:gueltigkeit>
  <gi:von>
   12.03.2009
  </gi:von>
  <gi:bis>
   31.12.2010
  </gi:bis>
 </gi:gueltigkeit>
</gi:meta-daten>

<gi:kopf>
  <gi:ueberschrift>
    Gebrauchsinformation: Information für den Anwender
  </gi:ueberschrift>
  <l:section>
    <l:paragraph>
    <l:bold>Iberogast®</l:bold></l:paragraph>
    <l:paragraph>
      Flüssigkeit
    </l:paragraph>
  </l:section>
  <gi:anwenderhinweis>
    <gi:title>
      Lesen Sie die gesamte Packungsbeilage sorgfältig durch, bevor Sie mit der Einnahme dieses Arzneimittels beginnen.
    </gi:title>
  </gi:anwenderhinweis>
  <gi:inhaltsangabe>
    <gi:title>
      Inhaltsangabe
    </gi:title>
    <gi:entry tocid="1">
      Indikationen
    </gi:entry>
    <gi:entry tocid="2">
      Vorsichtsmaßnahmen und Warnhinweise
    </gi:entry>
    <gi:entry tocid="3">
      Anwendung und Dosierung
    </gi:entry>
    <gi:entry tocid="4">
      Nebenwirkungen
    </gi:entry>
    <gi:entry tocid="5">
      Aufbewahrung
    </gi:entry>
    <gi:entry tocid="6">
      Weitere Informationen
    </gi:entry>
  </gi:inhaltsangabe>
</gi:kopf>

<gi:inhalt>
 <gi:indikationen sortid="1" tocid="1">
  <gi:title>
   Indikationsgruppe
  </gi:title>
  <l:paragraph>
   Pflanzliches Arzneimittel bei Magen-Darm-Erkrankungen
  </l:paragraph>
  <l:paragraph>
  	<l:bold>Anwendungsgebiete</l:bold>
  </l:paragraph>
  <l:paragraph>
  <!-- ÄNDERUNG: Bindestrich in Behand-lung entfernt -->
   Zur Behandlung von funktionellen und motilitätsbedingten Magen-Darm-Erkrankungen wie Reizmagen- und Reizdarmsyndrom sowie zur unterstützenden Behandlung der Beschwerden bei Magenschleimhautentzündung (Gastritis).
  </l:paragraph>
  <l:paragraph>
   Diese Erkrankungen äußern sich vorwiegend in Beschwerden wie Magenschmerzen, Sodbrennen, Völlegefühl, Magen-Darm-Krämpfen und Übelkeit.
  </l:paragraph>
 </gi:indikationen>
 <gi:vorsichtsmassnahmen-und-warnhinweise sortid="2" tocid="2">
  <gi:title>
   Vorsichtsmaßnahmen und Warnhinweise
  </gi:title>
  <gi:gegenanzeigen>
   <gi:title>
    Gegenanzeigen
   </gi:title>
   <l:paragraph>
    Iberogast® nicht einnehmen bei bekannten Überempfindlichkeiten gegenüber den Wirkstoffen.
   </l:paragraph>
  </gi:gegenanzeigen>
  <gi:schwangerschaft-stillzeit>
   <gi:title>
    Hinweis zu Schwangerschaft und Stillzeit:
   </gi:title>
   <l:paragraph>
    Aus den vorliegenden Daten lassen sich keine Hinweise für Bedenken hinsichtlich der Anwendung während der Schwangerschaft und Stillzeit ableiten. Gleichwohl soll Iberogast® während der Schwangerschaft und Stillzeit nur nach Rücksprache mit einem Arzt eingenommen werden.
   </l:paragraph>
  </gi:schwangerschaft-stillzeit>
  <gi:vorsichtsmassnahmen>
   <gi:title>
    Warnhinweise und Vorsichtsmaßnahmen für die Anwendung
   </gi:title>
   <l:paragraph>
    Bei Fortbestand der Beschwerden oder wenn der erwartete Erfolg durch die Anwendung nicht eintritt, sollte ein Arzt aufgesucht werden.
   </l:paragraph>
  </gi:vorsichtsmassnahmen>
  <gi:wechselwirkungen>
   <gi:title>
    Wechselwirkungen mit anderen Arzneimitteln und anderen Mitteln
   </gi:title>
   <l:paragraph>
    Bisher sind keine Wechselwirkungen bekannt.
   </l:paragraph>
  </gi:wechselwirkungen>
  <!-- ÄNDERUNG: Abschnitte Nahrungsmittelinteraktion, Verkehrstüchtigkeit und Substanzinformationen entfernt -->
</gi:vorsichtsmassnahmen-und-warnhinweise>
 <gi:anwendung-dosierung sortid="3" tocid="3">
  <gi:title>
   Dosierung, Art und Dauer der Anwendung
  </gi:title>
  <l:paragraph>
   Soweit nicht anders verordnet, wird Iberogast® 3mal täglich vor oder zu den Mahlzeiten in etwas Flüssigkeit wie folgt eingenommen:
  </l:paragraph>
  <l:paragraph>
   Erwachsene und Jugendliche	20 Tropfen
  </l:paragraph>
  <l:paragraph>
   Kinder von 6 bis 12 Jahren	15 Tropfen
  </l:paragraph>
  <l:paragraph>
   Kinder von 3 bis 6 Jahren	10 Tropfen
  </l:paragraph>
  <l:paragraph>
   Kinder von 3 Monaten bis 3 Jahren    8 Tropfen
  </l:paragraph>
  <l:paragraph>
   Kinder unter 3 Monaten	  6 Tropfen
  </l:paragraph>
  <l:paragraph>
   Grundsätzlich besteht keine Beschränkung der Anwendungsdauer. Die Dauer der Einnahme richtet sich nach Art, Schwere und Verlauf der Erkrankung.
  </l:paragraph>
  <l:paragraph>
   Vor Gebrauch schütteln!
  </l:paragraph>
  <!-- ÄNDERUNG: Titel Überdosierung und andere Anwendungsfehler eingefügt -->
  <l:paragraph>
	 <l:bold>Überdosierung und andere Anwendungsfehler</l:bold>
  </l:paragraph>

  <l:paragraph>
   Wenn Patienten Iberogast® in zu großen Mengen eingenommen oder die Einnahme vergessen haben, sollen sie beim nächsten Mal mit der Einnahme, wie vom Arzt verordnet oder in der Dosierungsanleitung beschrieben, fortfahren.
  </l:paragraph>
  <l:paragraph>
   Bisher ergaben sich keine Hinweise auf eine akute Überdosierung.
  </l:paragraph>
 </gi:anwendung-dosierung>

 <gi:nebenwirkungen sortid="4" tocid="4">
  <gi:title>
   Nebenwirkungen
  </gi:title>
  <l:paragraph>
   Sehr selten können Überempfindlichkeitsreaktionen wie z.B. Hautausschlag, Juckreiz, Atembeschwerden auftreten.
  </l:paragraph>
  <l:paragraph>
   Bei Auftreten von Nebenwirkungen sollte das Präparat abgesetzt und ein Arzt aufgesucht werden. Dieser kann über den Schweregrad und gegebenenfalls erforderliche weitere Maßnahmen entscheiden.
  </l:paragraph>
  <l:paragraph>
   Hinweis:
  </l:paragraph>
  <l:paragraph>
   Beobachten Patienten Nebenwirkungen, die nicht in dieser Packungsbeilage aufgeführt sind, sollen sie diese einem Arzt oder Apotheker mitteilen.
  </l:paragraph>
 </gi:nebenwirkungen>

 <gi:aufbewahrung sortid="5" tocid="5">
  <gi:title>
   Hinweise und Angaben zur Haltbarkeit des Arzneimittels
  </gi:title>
  <l:paragraph>
   Nicht über +25 °C lagern!
  </l:paragraph>
  <l:paragraph>
   Sollte Iberogast® Ausflockungen oder Trübungen aufweisen, so sind diese ohne Einfluß auf die Wirksamkeit des Präparates.
  </l:paragraph>
  <l:paragraph>
   Iberogast® darf nach Ablauf des auf dem Behältnis und der äußeren Umhüllung angegebenen Verfalldatums nicht mehr verwendet werden.
  </l:paragraph>
  <l:paragraph>
   Nach Anbruch des Behältnisses ist Iberogast® 8 Wochen haltbar.
  </l:paragraph>
 </gi:aufbewahrung>

 <gi:zusatzinformationen sortid="6" tocid="6">
  <gi:title>
   Weitere Informationen
  </gi:title>
  <gi:zusammensetzung>
   <gi:title>
    Zusammensetzung
   </gi:title>
   <l:paragraph>
    100 ml Flüssigkeit enthalten folgende Wirkstoffe:
   </l:paragraph>
   <l:paragraph>
    Auszüge aus:
   </l:paragraph>
   <l:paragraph>
    Iberis amara
   </l:paragraph>
   <l:paragraph>
    (Bittere Schleifenblume - Frische Ganzpflanze)	(1 : 1,5-2,5)	15,0 ml
   </l:paragraph>
   <l:paragraph>
    Auszugsmittel: Ethanol 50 % (V/V)
   </l:paragraph>
   <l:paragraph>
    Angelikawurzel	(1 : 2,5-3,5)	10,0 ml
   </l:paragraph>
   <l:paragraph>
    Kamillenblüten	(1 : 2   -4   )	20,0 ml
   </l:paragraph>
   <l:paragraph>
    Kümmelfrüchten	(1 : 2,5-3,5)	10,0 ml
   </l:paragraph>
   <l:paragraph>
    Mariendistelfrüchten	(1 : 2,5-3,5)	10,0 ml
   </l:paragraph>
   <l:paragraph>
    Melissenblättern	(1 : 2,5-3,5)	10,0 ml
   </l:paragraph>
   <l:paragraph>
    Pfefferminzblättern	(1 : 2,5-3,5)	   5,0 ml
   </l:paragraph>
   <l:paragraph>
    Schöllkraut	(1 : 2,5-3,5)	10,0 ml
   </l:paragraph>
   <l:paragraph>
    Süßholzwurzel	(1 : 2,5-3,5)	10,0 ml
   </l:paragraph>
   <l:paragraph>
    Auszugsmittel für alle Arzneidrogen: Ethanol 30 % (V/V)
   </l:paragraph>
   <l:paragraph>
    Das Arzneimittel enthält 31 Vol.-% Alkohol.
   </l:paragraph>
  </gi:zusammensetzung>
  <gi:verpackung>
   <gi:title>
    Darreichungsform und Inhalt
   </gi:title>
   <l:paragraph>
    Flüssigkeit
   </l:paragraph>
   <l:paragraph>
    Originalpackung mit   20 ml N1
   </l:paragraph>
   <l:paragraph>
    Originalpackung mit   50 ml N2
   </l:paragraph>
   <l:paragraph>
    Originalpackung mit 100 ml N3
   </l:paragraph>
  </gi:verpackung>
  <gi:pharmazeutischer-unternehmer>
   <gi:title>
    Pharmazeutischer Unternehmer
   </gi:title>
   <l:paragraph>
    STEIGERWALD
   </l:paragraph>
   <l:paragraph>
    Arzneimittelwerk GmbH
   </l:paragraph>
   <l:paragraph>
    Havelstraße 5
   </l:paragraph>
   <l:paragraph>
    64295 Darmstadt
   </l:paragraph>
   <l:paragraph>
   <l:bold>Stand der Information</l:bold></l:paragraph>
   <l:paragraph>
    September 2007
   </l:paragraph>
   <l:paragraph>
    ___________________________________________________________________
   </l:paragraph>
   <l:paragraph>
   <l:bold>Arzneimittel für Kinder unzugänglich aufbewahren!</l:bold></l:paragraph>
   <l:paragraph>
    ___________________________________________________________________
   </l:paragraph>
   <l:paragraph>
    Iberogast® enthält weniger als 0,1 Broteinheiten pro 20 Tropfen.
   </l:paragraph>
   <l:paragraph>
    Apothekenpflichtig
   </l:paragraph>
   <l:paragraph>
    Zul.-Nr. 6463148.00.00
   </l:paragraph>
  </gi:pharmazeutischer-unternehmer>
 </gi:zusatzinformationen>
</gi:inhalt>

</gi:gi>