<?xml version="1.0" encoding="UTF-8" standalone="no"?><gi:gi xmlns:gi="http://rote-liste.de/gibook/1/" xmlns:i="http://rote-liste.de/inline/1/" xmlns:l="http://rote-liste.de/layout/1/">
<meta-daten xmlns="http://rote-liste.de/gibook/1/" xmlns:ns2="http://rote-liste.de/layout/1/" xmlns:ns3="http://rote-liste.de/inline/1/" xmlns:ns4="http://www.w3.org/2000/10/xlink-ns" produkttyp="arzneimittel" status="apothekenpflichtig">
    <pu-namen>
        <zulassungsinhaber>RL Pharma</zulassungsinhaber>
    </pu-namen>
    <praeparat name="Iscador® U c. Hg Injektionslösung">
        <darreichungsformen>
            <darreichungsform name="N/A">
                <wirkstoffe>
                    <wirkstoff name="Viscum album ssp. album (Ulmenmistel), Herba rec."/>
                    <wirkstoff name="Quecksilbersulfat"/>
                </wirkstoffe>
                <packungen>
                    <packung name="N/A" pzn="0069523"/>
                    <packung name="N/A" pzn="0069546"/>
                </packungen>
            </darreichungsform>
        </darreichungsformen>
    </praeparat>
    <gi-stand sortid="0">ÜÄß 2010</gi-stand>
    <gueltigkeit/>
</meta-daten><gi:kopf>
<gi:ueberschrift>
<l:bold>Gebrauchsinformation: Information für den Anwender</l:bold>
</gi:ueberschrift>
<l:section sortid="">
<l:paragraph>
<l:bold>Ambroxol AL Tropfen</l:bold>
</l:paragraph>
<l:paragraph>Wirkstoff: 	Ambroxolhydrochlorid 7,5 mg/ml Lösung</l:paragraph>
</l:section>
<gi:anwenderhinweis>
<gi:title>
<l:bold>Lesen Sie die gesamte Gebrauchsinformation sorgfältig durch, denn sie enthält wichtige Informationen für Sie.</l:bold>
</gi:title>
<l:paragraph>
<l:bold>Dieses Arzneimittel ist ohne Verschreibung erhältlich. Um einen bestmöglichen Behandlungserfolg zu erzielen, müssen Ambroxol AL Tropfen jedoch vorschriftsmäßig angewendet werden.</l:bold>
</l:paragraph>
<l:paragraph>-	Heben Sie die Gebrauchsinformation auf. Vielleicht möchten Sie diese später nochmals lesen.</l:paragraph>
<l:paragraph>-	Fragen Sie Ihren Apotheker, wenn Sie weitere Informationen oder einen Rat benötigen.</l:paragraph>
<l:paragraph>-	Wenn sich Ihre Symptome verschlimmern oder nach 4 - 5 Tagen keine Besserung eintritt, müssen Sie auf jeden Fall einen Arzt aufsuchen.</l:paragraph>
<l:paragraph>-	Wenn eine der aufgeführten Nebenwirkungen Sie erheblich beeinträchtigt oder Sie Nebenwirkungen bemerken, die nicht in dieser Gebrauchsinformation angegeben sind, informieren Sie bitte Ihren Arzt oder Apotheker.</l:paragraph>
</gi:anwenderhinweis>
<gi:inhaltsangabe>
<gi:title>
<l:bold>Diese Gebrauchsinformation beinhaltet:</l:bold>
</gi:title>
<gi:entry tocid="1">Was sind Ambroxol AL Tropfen und wofür werden sie angewendet?</gi:entry>
<gi:entry tocid="2">Was müssen Sie vor der Einnahme von Ambroxol AL Tropfen beachten?</gi:entry>
<gi:entry tocid="3">Wie sind Ambroxol AL Tropfen einzunehmen?</gi:entry>
<gi:entry tocid="4">Welche Nebenwirkungen sind möglich?</gi:entry>
<gi:entry tocid="5">Wie sind Ambroxol AL Tropfen aufzubewahren?</gi:entry>
<gi:entry tocid="6">Weitere Informationen</gi:entry>
</gi:inhaltsangabe>
</gi:kopf>
<gi:inhalt>
<gi:indikationen sortid="1" tocid="1">
<gi:title>
	<l:bold>
<l:underline>Test: Sollte am 19.10. veröffentlicht werden.</l:underline> Was sind Ambroxol AL Tropfen und wofür werden sie angewendet?</l:bold>
</gi:title>
<l:paragraph>
	Ambroxol AL Tropfen ist ein Arzneimittel zur Schleimlösung bei Atemwegserkrankungen mit zähem Schleim (Expektorans).</l:paragraph>
<l:paragraph>
	Ambroxol AL Tropfen<l:capitals> </l:capitals>werden angewendet zur schleimlösenden Behandlung bei akuten und chronischen Erkrankungen der Bronchien und der Lunge mit zähem Schleim.</l:paragraph>
</gi:indikationen>
<gi:vorsichtsmassnahmen-und-warnhinweise sortid="2" tocid="2">
<gi:title>
<l:bold>Was müssen Sie vor der Einnahme von Ambroxol AL Tropfen beachten?</l:bold>
</gi:title>
<l:paragraph>
<l:bold>
<l:italic>Ambroxol AL Tropfen dürfen nicht eingenommen werden</l:italic>
</l:bold>
</l:paragraph>
<l:paragraph>wenn Sie überempfindlich (allergisch) gegen den Wirkstoff Ambroxolhydrochlorid, Natriummetabisulfit oder einen der sonstigen Bestandteile von Ambroxol AL Tropfen sind.</l:paragraph>
<l:paragraph>
<l:bold>
<l:italic>Besondere Vorsicht bei der Einnahme von Ambroxol AL Tropfen ist erforderlich</l:italic>
</l:bold>
</l:paragraph>
<l:paragraph>Sehr selten ist über das Auftreten von schweren Hautreaktionen wie Stevens-Johnson-Syndrom und Lyell-Syndrom in zeitlichem Zusammenhang mit der Anwendung von Ambroxol berichtet worden.</l:paragraph>
<l:paragraph>Bei Neuauftreten von Haut- und Schleimhautveränderungen sollte daher unverzüglich ärztlicher Rat eingeholt und die Anwendung von Ambroxol beendet werden.</l:paragraph>
<l:paragraph>Bei einigen seltenen Erkrankungen der Bronchien, die mit übermäßiger Sekretansammlung einhergehen (z. B. malignes Ziliensyndrom), sollten Ambroxol AL Tropfen wegen eines möglichen Sekretstaus nur unter ärztlicher Kontrolle angewandt werden.</l:paragraph>
<l:paragraph>
<l:underline>Patienten mit eingeschränkter Nieren- und Leberfunktion</l:underline>
</l:paragraph>
<l:paragraph>Wenn Sie an einer eingeschränkten Nierenfunktion oder an einer schweren Lebererkrankung leiden, dürfen Ambroxol AL Tropfen nur mit besonderer Vorsicht (d.h. in größeren Einnahmeabständen oder in verminderter Dosis) eingenommen werden. </l:paragraph>
<l:paragraph>Bei einer schweren Niereninsuffizienz muss mit einer Anhäufung der in der Leber gebildeten Abbauprodukte von Ambroxol gerechnet werden.</l:paragraph>
<l:paragraph>
<l:underline>Kinder</l:underline>
</l:paragraph>
<l:paragraph>Ambroxol AL Tropfen dürfen bei Kindern unter 2 Jahren nur auf ärztliche Anweisung hin eingenommen werden.</l:paragraph>
<l:paragraph>
<l:bold>
<l:italic>Bei Einnahme von Ambroxol AL Tropfen mit anderen Arzneimitteln</l:italic>
</l:bold>
</l:paragraph>
<l:paragraph>
<l:italic>Bitte informieren Sie Ihren Arzt oder Apotheker, wenn Sie andere Arzneimittel einnehmen/anwenden bzw. vor kurzem eingenommen/angewendet haben, auch wenn es sich um nicht verschreibungspflichtige Arzneimittel handelt.</l:italic>
</l:paragraph>
<l:paragraph>
<l:underline>Ambroxol/Antitussiva</l:underline>
</l:paragraph>
<l:paragraph>Bei kombinierter Anwendung von Ambroxol AL Tropfen und hustenstillenden Mitteln (Antitussiva) kann aufgrund des eingeschränkten Hustenreflexes ein gefährlicher Sekretstau entstehen, so dass die Indikation zu dieser Kombinationsbehandlung besonders sorgfältig gestellt werden sollte.</l:paragraph>
<l:paragraph>
<l:bold>
<l:italic>Schwangerschaft und Stillzeit</l:italic>
</l:bold>
</l:paragraph>
<l:paragraph>
<l:italic>Fragen Sie vor der Einnahme/Anwendung von allen Arzneimitteln Ihren Arzt oder Apotheker um Rat.</l:italic>
</l:paragraph>
<l:paragraph>
<l:underline>Schwangerschaft</l:underline>
</l:paragraph>
<l:paragraph>Da bisher keine ausreichenden Erfahrungen am Menschen vorliegen, sollten Sie Ambroxol AL Tropfen während der Schwangerschaft nur auf Anordnung Ihres Arztes einnehmen und nur nachdem dieser eine sorgfältige Nutzen-Risiko-Abwägung vorgenommen hat.</l:paragraph>
<l:paragraph>
<l:underline>Stillzeit</l:underline>
</l:paragraph>
<l:paragraph>Der Wirkstoff Ambroxol geht beim Tier in die Muttermilch über. Da bisher keine ausreichenden Erfahrungen am Menschen vorliegen, sollten Sie Ambroxol AL Tropfen in der Stillzeit nur auf Anordnung Ihres Arztes einnehmen. </l:paragraph>
<l:paragraph>
<l:bold>
<l:italic>Verkehrstüchtigkeit und das Bedienen von Maschinen</l:italic>
</l:bold>
</l:paragraph>
<l:paragraph>Es sind keine Besonderheiten zu beachten.</l:paragraph>
<l:paragraph>
<l:bold>
<l:italic>Wichtige Informationen über bestimmte sonstige Bestandteile von Ambroxol AL Tropfen</l:italic>
</l:bold>
</l:paragraph>
<l:paragraph>Dieses Arzneimittel enthält Sorbitol. Bitte nehmen Sie Ambroxol AL Tropfen erst nach Rücksprache mit Ihrem Arzt ein, wenn Ihnen bekannt ist, dass Sie unter einer Unverträglichkeit gegenüber bestimmten Zuckern leiden.</l:paragraph>
</gi:vorsichtsmassnahmen-und-warnhinweise>
<gi:anwendung-dosierung sortid="3" tocid="3">
<gi:title>
<l:bold>Wie sind Ambroxol AL Tropfen einzunehmen?</l:bold>
</gi:title>
<l:paragraph>
<l:italic>Nehmen Sie Ambroxol AL Tropfen immer genau nach der Anweisung in dieser Gebrauchsinformation ein. Bitte fragen Sie bei Ihrem Arzt oder Apotheker nach, wenn Sie sich nicht ganz sicher sind. </l:italic>
</l:paragraph>
<l:paragraph>
<l:bold>
<l:italic>Falls vom Arzt nicht anders verordnet, ist die übliche Dosis</l:italic>
</l:bold>
</l:paragraph>
<l:paragraph>
<l:italic>Die folgenden Angaben gelten, soweit Ihnen Ihr Arzt Ambroxol AL Tropfen nicht anders verordnet hat. Bitte halten Sie sich an die Anwendungsvorschriften, da Ambroxol AL Tropfen sonst nicht richtig wirken können!</l:italic>
</l:paragraph>
<l:paragraph>
<l:underline>Kinder bis 2 Jahre</l:underline>
</l:paragraph>
<l:paragraph>Es werden 2-mal täglich je 1 ml Lösung Ambroxol AL Tropfen (entspr. je 15 Tropfen) eingenommen (entspr. 15 mg Ambroxolhydrochlorid/Tag).</l:paragraph>
<l:paragraph>
<l:underline>Kinder von 2 bis 5 Jahren</l:underline>
</l:paragraph>
<l:paragraph>Es werden 3-mal täglich je 1 ml Lösung Ambroxol AL Tropfen (entspr. je 15 Tropfen), eingenommen (entspr. 22,5 mg Ambroxolhydrochlorid/Tag).</l:paragraph>
<l:paragraph>
<l:underline>Kinder von 6 bis 12 Jahren</l:underline>
</l:paragraph>
<l:paragraph>Es werden 2- bis 3-mal täglich je 2 ml Lösung Ambroxol AL Tropfen (entspr. je 30 Tropfen) eingenommen (entspr. 30 - 45 mg Ambroxolhydrochlorid/Tag).</l:paragraph>
<l:paragraph>
<l:underline>Erwachsene und Jugendliche ab 12 Jahren</l:underline>
</l:paragraph>
<l:paragraph>In der Regel werden während der ersten 2 bis 3 Tage 3-mal täglich je 4 ml Lösung Ambroxol AL Tropfen (entspr. je 60 Tropfen) eingenommen (entspr. 90 mg Ambroxolhydrochlorid/Tag), danach werden 2-mal täglich je 4 ml Lösung Ambroxol AL Tropfen (entspr. je 60 Tropfen) eingenommen (entspr. 60 mg Ambroxolhydrochlorid/Tag).</l:paragraph>
<l:paragraph>
<l:underline>Hinweis</l:underline>:</l:paragraph>
<l:paragraph>Bei der Erwachsenendosierung ist eine Steigerung der Wirksamkeit gegebenenfalls durch die Gabe von 2-mal täglich 60 mg Ambroxolhydrochlorid (entspr. 120 mg Ambroxolhydrochlorid/Tag) möglich.</l:paragraph>
<l:paragraph>
<l:bold>
<l:italic>Art der Anwendung</l:italic>
</l:bold>
</l:paragraph>
<l:paragraph>Die Lösung (Tropfen) wird nach den Mahlzeiten in Flüssigkeit (z.B. Wasser, Tee oder Saft) verdünnt eingenommen. Zur Erleichterung der Dosierung ist jeder Packung ein Messbecher beigefügt.</l:paragraph>
<l:paragraph>
<l:bold>
<l:italic>Dauer der Anwendung</l:italic>
</l:bold>
</l:paragraph>
<l:paragraph>Wenn sich Ihr Krankheitsbild verschlimmert oder nach 4-5 Tagen keine Besserung eintritt, sollten Sie einen Arzt aufsuchen.</l:paragraph>
<l:paragraph>
<l:italic>Bitte sprechen Sie mit Ihrem Arzt oder Apotheker, wenn Sie den Eindruck haben, dass die Wirkung von Ambroxol AL Tropfen zu stark oder zu schwach ist.</l:italic>
</l:paragraph>
<l:paragraph>
<l:bold>
<l:italic>Wenn Sie eine größere Menge Ambroxol AL Tropfen eingenommen haben, als Sie sollten</l:italic>
</l:bold>
</l:paragraph>
<l:paragraph>Schwerwiegende Vergiftungserscheinungen sind bei Überdosierung von Ambroxol nicht beobachtet worden. Über kurzzeitige Unruhe und Durchfall ist berichtet worden.</l:paragraph>
<l:paragraph>Bei versehentlicher oder beabsichtigter extremer Über­dosierung können vermehrte Speichelsekretion, Würgereiz, Erbrechen und Blutdruckabfall auftreten.</l:paragraph>
<l:paragraph>
<l:italic>Setzen Sie sich mit einem Arzt in Verbindung. </l:italic>
</l:paragraph>
<l:paragraph>Akutmaßnahmen, wie Auslösen von Erbrechen und Magenspülung, sind nicht generell angezeigt und nur bei extremer Überdosierung zu erwägen. Empfohlen wird eine Behandlung entsprechend den auftretenden Zeichen der Überdosierung.</l:paragraph>
<l:paragraph>
<l:bold>
<l:italic>Wenn Sie die Einnahme von Ambroxol AL Tropfen vergessen haben</l:italic>
</l:bold>
</l:paragraph>
<l:paragraph>Wenn Sie einmal vergessen haben, Ambroxol AL Tropfen einzunehmen, oder zu wenig eingenommen haben, setzen Sie bitte zum nächsten Zeitpunkt die Einnahme von Ambroxol AL Tropfen fort, wie in der Dosierungsanleitung beschrieben.</l:paragraph>
<l:paragraph>
<l:bold>
<l:italic>Wenn Sie die Einnahme von Ambroxol AL Tropfen abbrechen</l:italic>
</l:bold>
</l:paragraph>
<l:paragraph>Bitte brechen Sie die Behandlung mit Ambroxol AL Tropfen nicht ohne Rücksprache mit Ihrem Arzt ab. Ihre Krankheit könnte sich hierdurch verschlechtern.</l:paragraph>
<l:paragraph>
<l:italic>Wenn Sie weitere Fragen zur Anwendung des Arzneimittels haben, fragen Sie Ihren Arzt oder Apotheker.</l:italic>
</l:paragraph>
</gi:anwendung-dosierung>
<gi:nebenwirkungen sortid="4" tocid="4">
<gi:title>
<l:bold>Welche Nebenwirkungen sind möglich?</l:bold>
</gi:title>
<l:paragraph>
<l:italic>Wie alle Arzneimittel können Ambroxol AL Tropfen Nebenwirkungen haben, die aber nicht bei jedem auftreten müssen.</l:italic>
</l:paragraph>
<l:paragraph>Bei der Bewertung von Nebenwirkungen werden folgende Häufigkeitsangaben zugrunde gelegt:</l:paragraph>
<l:paragraph>
<l:italic>Sehr häufig:</l:italic>	Bei mehr als 1 von 10 Behandelten</l:paragraph>
<l:paragraph>
<l:italic>Häufig:</l:italic>	Bei weniger als 1 von 10, aber mehr als 1 von 100 Behandelten</l:paragraph>
<l:paragraph>
<l:italic>Gelegentlich:</l:italic>	Bei weniger als 1 von 100, aber mehr als 1 von 1000 Behandelten</l:paragraph>
<l:paragraph>
<l:italic>Selten:</l:italic>	Bei weniger als 1 von 1000, aber mehr als 1 von 10 000 Behandelten</l:paragraph>
<l:paragraph>
<l:italic>Sehr selten:</l:italic>	Bei weniger als 1 von 10 000 Behandelten, einschließlich Einzelfälle</l:paragraph>
<l:paragraph>
<l:bold>
<l:italic>Nebenwirkungen</l:italic>
</l:bold>
</l:paragraph>
<l:paragraph>
<l:underline>Immunsystem</l:underline>
</l:paragraph>
<l:paragraph>
<l:italic>Gelegentlich:</l:italic> Überempfindlichkeitsreaktionen (Hautausschlag, Gesichtsödem, Atemnot, Juckreiz), Fieber.</l:paragraph>
<l:paragraph>
<l:italic>Sehr selten: </l:italic>Schwere allergische (anaphylaktische) Reaktionen bis hin zum Schock.</l:paragraph>
<l:paragraph>
<l:underline>Magen-Darm-Trakt</l:underline>
</l:paragraph>
<l:paragraph>
<l:italic>Gelegentlich:</l:italic> Übelkeit, Bauchschmerzen, Erbrechen.</l:paragraph>
<l:paragraph>
<l:underline>Haut und Unterhautzellgewebe</l:underline>
</l:paragraph>
<l:paragraph>
<l:italic>Sehr selten:</l:italic> Schwere Hautreaktionen, wie Stevens-Johnson-Syndrom und Lyell-Syndrom.</l:paragraph>
<l:paragraph>
<l:underline>Andere mögliche Nebenwirkungen</l:underline>
</l:paragraph>
<l:paragraph>Natriummetabisulfit kann <l:italic>selten</l:italic> Überempfind­lichkeits­reaktionen und Bronchialkrämpfe (Bronchospasmen) hervorrufen.</l:paragraph>
<l:paragraph>
<l:bold>
<l:italic>Gegenmaßnahmen </l:italic>
</l:bold>
</l:paragraph>
<l:paragraph>Bei den ersten Anzeichen einer Überempfindlichkeitsreaktion dürfen Ambroxol AL Tropfen nicht nochmals eingenommen werden. </l:paragraph>
<l:paragraph>
<l:italic>Informieren Sie bitte Ihren Arzt oder Apotheker, wenn eine der aufgeführten Nebenwirkungen Sie erheblich beeinträchtigt oder Sie Nebenwirkungen bemerken, die nicht in dieser Gebrauchsinformation angegeben sind.</l:italic>
</l:paragraph>
</gi:nebenwirkungen>
<gi:aufbewahrung sortid="5" tocid="5">
<gi:title>
<l:bold>Wie sind Ambroxol AL Tropfen aufzubewahren?</l:bold>
</gi:title>
<l:paragraph>Arzneimittel für Kinder unzugänglich aufbewahren.</l:paragraph>
<l:paragraph>Sie dürfen das Arzneimittel nach dem auf der Faltschachtel und dem Etikett nach „Verwendbar bis“ angegebenen Verfallsdatum nicht mehr verwenden. Das Verfallsdatum bezieht sich auf den letzten Tag des Monats.</l:paragraph>
<l:paragraph>In der Originalverpackung aufbewahren, um den Inhalt vor Licht zu schützen!</l:paragraph>
<l:paragraph>Nach Anbruch sind Ambroxol AL Tropfen 3 Monate haltbar!</l:paragraph>
</gi:aufbewahrung>
<gi:zusatzinformationen sortid="6" tocid="6">
<gi:title>
<l:bold>Weitere Informationen</l:bold>
</gi:title>
<l:paragraph>
<l:bold>
<l:italic>Was Ambroxol AL Tropfen enthalten</l:italic>
</l:bold>
</l:paragraph>
<l:paragraph>Der Wirkstoff ist Ambroxolhydrochlorid.</l:paragraph>
<l:paragraph>1 ml Tropfen zum Einnehmen, Lösung (entspr. 15 Tropfen) enthält 7,5 mg Ambroxolhydrochlorid.</l:paragraph>
<l:paragraph>Die sonstigen Bestandteile sind: Benzoesäure, Citronensäure-Monohydrat, Natriumcyclamat, Natriummetabisulfit (Ph. Eur.), Natriumhydroxid, Propylenglycol, Sorbitol-Lösung 70% (nicht kristallisierend) (Ph. Eur.), gereinigtes Wasser.</l:paragraph>
<l:paragraph>
<l:underline>Hinweis für Diabetiker</l:underline>:</l:paragraph>
<l:paragraph>1 ml  Lösung enthält Kohlenhydrate entspr. &lt; 0,01 Broteinheiten.</l:paragraph>
<l:paragraph>
<l:bold>
<l:italic>Wie Ambroxol AL Tropfen aussehen und Inhalt der Packung</l:italic>
</l:bold>
</l:paragraph>
<l:paragraph>Farblose, klare, geruchlose Flüssigkeit mit bitterem, süßem Geschmack.</l:paragraph>
<l:paragraph>Ambroxol AL Tropfen sind in Packungen mit 50 ml (N1) und 100 ml (N1) Lösung erhältlich.</l:paragraph>
<l:paragraph>
<l:underline>Pharmazeutischer Unternehmer</l:underline>
</l:paragraph>
<l:paragraph>
<l:bold>ALIUD<l:superscript>®</l:superscript> PHARMA GmbH &amp; Co. KG<l:br/>Gottlieb-Daimler-Straße 19 · D-89150 Laichingen<l:br/>Internet: www.aliud.de · E-Mail: info@aliud.de</l:bold>
</l:paragraph>
<l:paragraph>
<l:bold>
<l:italic>Diese Gebrauchsinformation wurde zuletzt überarbeitet im</l:italic>
</l:bold>
</l:paragraph>
<l:paragraph>August 2006</l:paragraph>
</gi:zusatzinformationen>
</gi:inhalt>
</gi:gi>