<?xml version="1.0" encoding="UTF-8" standalone="no"?>

<!-- built with Mozilla/5.0 (Windows; U; Windows NT 6.1; de; rv:1.9.2.10) Gecko/20100914 Firefox/3.6.10 -->

<gi:gi xmlns:gi="http://rote-liste.de/gibook/1/" xmlns:i="http://rote-liste.de/inline/1/" xmlns:l="http://rote-liste.de/layout/1/">
<meta-daten xmlns="http://rote-liste.de/gibook/1/" xmlns:ns2="http://rote-liste.de/layout/1/" xmlns:ns3="http://rote-liste.de/inline/1/" xmlns:ns4="http://www.w3.org/2000/10/xlink-ns" produkttyp="arzneimittel" status="apothekenpflichtig">
    <pu-namen>
        <zulassungsinhaber>RL Pharma</zulassungsinhaber>
    </pu-namen>
    <praeparat name="Iscador® U c. Hg Injektionslösung">
        <darreichungsformen>
            <darreichungsform name="N/A">
                <wirkstoffe>
                    <wirkstoff name="Viscum album ssp. album (Ulmenmistel), Herba rec."/>
                    <wirkstoff name="Quecksilbersulfat"/>
                </wirkstoffe>
                <packungen>
                    <packung name="N/A" pzn="0069523"/>
                    <packung name="N/A" pzn="0069546"/>
                </packungen>
            </darreichungsform>
        </darreichungsformen>
    </praeparat>
    <gi-stand sortid="0">ÜÄß 2010</gi-stand>
    <gueltigkeit/>
</meta-daten>
  <gi:kopf>
    <gi:ueberschrift>Gebrauchsinformation: Information für den Anwender</gi:ueberschrift>
    <l:section>
      <l:paragraph>
        <l:bold>Magnesium Verla®</l:bold>
        Kautabletten 5 mmol
      </l:paragraph>
      <l:paragraph>Wirkstoff: Magnesiumbis(hydrogen-DL-aspartat)</l:paragraph>
    </l:section>
    <gi:anwenderhinweis>
      <gi:title>Lesen Sie die gesamte Packungsbeilage sorgfältig durch, bevor Sie mit der Einnahme dieses Arzneimittels beginnen.</gi:title>
      <l:paragraph>
        <l:bold>Dieses Arzneimittel ist ohne Verschreibung erhältlich. Um einen bestmöglichen Behandlungserfolg zu erzielen, müssen Magnesium Verla® Kautabletten jedoch vorschriftsmäßig angewendet werden.</l:bold>
      </l:paragraph>
      <l:paragraph>
        <l:list type="unordered">
          <l:listitem>
            <l:paragraph>Heben Sie die Packungsbeilage auf. Vielleicht möchten Sie diese später nochmals lesen.</l:paragraph>
          </l:listitem>
          <l:listitem>
            <l:paragraph>Fragen Sie Ihren Arzt oder Apotheker, wenn Sie weitere Informationen oder einen Rat benötigen.</l:paragraph>
          </l:listitem>
          <l:listitem>
            <l:paragraph>6 Wochen keine Besserung eintritt, müssen Sie auf jeden Fall einen Arzt aufsuchen.</l:paragraph>
          </l:listitem>
          <l:listitem>
            <l:paragraph>Wenn eine der aufgeführten Nebenwirkungen Sie erheblich beeinträchtigt oder Sie Nebenwirkungen bemerken, die nicht in dieser Packungsbeilage angegeben sind, informieren Sie bitte Ihren Arzt oder Apotheker.</l:paragraph>
          </l:listitem>
        </l:list>
      </l:paragraph>
    </gi:anwenderhinweis>
    <gi:inhaltsangabe>
      <gi:title>Inhaltsangabe</gi:title>
      <gi:entry tocid="1">Indikationen</gi:entry>
      <gi:entry tocid="2">Vorsichtsmaßnahmen und Warnhinweise</gi:entry>
      <gi:entry tocid="3">Anwendung und Dosierung</gi:entry>
      <gi:entry tocid="4">Aufbewahrung</gi:entry>
      <gi:entry tocid="5">Nebenwirkungen</gi:entry>
      <gi:entry tocid="6">Weitere Informationen</gi:entry>
    </gi:inhaltsangabe>
  </gi:kopf>
  <gi:inhalt>
    <gi:indikationen sortid="1" tocid="1">
      <gi:title>Indikationen</gi:title>
      <l:paragraph>
        <l:bold>Diese Packungsbeilage beinhaltet:</l:bold>
      </l:paragraph>
      <l:paragraph>
        <l:list type="ordered">
          <l:listitem>
            <l:paragraph>Was sind Magnesium Verla® Kautabletten und wofür werden sie angewendet?</l:paragraph>
          </l:listitem>
          <l:listitem>
            <l:paragraph>Was müssen Sie vor der Einnahme von Magnesium Verla® Kautabletten beachten?</l:paragraph>
          </l:listitem>
          <l:listitem>
            <l:paragraph>Wie sind Magnesium Verla® Kautabletten einzunehmen?</l:paragraph>
          </l:listitem>
          <l:listitem>
            <l:paragraph>Welche Nebenwirkungen sind möglich?</l:paragraph>
          </l:listitem>
          <l:listitem>
            <l:paragraph>Wie sind Magnesium Verla® Kautabletten aufzubewahren?</l:paragraph>
          </l:listitem>
          <l:listitem>
            <l:paragraph>Weitere Informationen</l:paragraph>
          </l:listitem>
        </l:list>
      </l:paragraph>
    </gi:indikationen>
    <gi:vorsichtsmassnahmen-und-warnhinweise sortid="2" tocid="2">
      <gi:title>Vorsichtsmaßnahmen und Warnhinweise</gi:title>
      <gi:gegenanzeigen>
        <gi:title>Gegenanzeigen</gi:title>
        <l:paragraph>
          <l:bold>Wenn Sie eine größere Menge Magnesium Verla® Kautabletten eingenommen haben, als Sie sollten,</l:bold>
        </l:paragraph>
        <l:paragraph>können die unter Punkt 4 angegebenen Nebenwirkungen verstärkt auftreten.</l:paragraph>
        <l:paragraph>Wenn Sie weitere Fragen zur Anwendung des Arzneimittels haben, fragen Sie Ihren Arzt oder Apotheker.</l:paragraph>
      </gi:gegenanzeigen>
      <gi:vorsichtsmassnahmen>
        <gi:title>Vorsichtsmassnahmen</gi:title>
        <l:paragraph>
          <l:bold>Magnesium Verla® Kautabletten dürfen nicht eingenommen werden:</l:bold>
        </l:paragraph>
        <l:paragraph>
          <l:list type="unordered">
            <l:listitem>
              <l:paragraph>wenn Sie überempfindlich (allergisch) gegen Magnesiumbis(hydrogen-DL-aspartat) oder einen der sonstigen Bestandteile von Magnesium Verla® Kautabletten sind.</l:paragraph>
            </l:listitem>
            <l:listitem>
              <l:paragraph>wenn Sie an einer schweren Nierenfunktionsstörung leiden,</l:paragraph>
            </l:listitem>
            <l:listitem>
              <l:paragraph>wenn Sie zu Infektsteinen (Calcium-Magnesium-Ammoniumphosphatsteine) neigen.</l:paragraph>
            </l:listitem>
          </l:list>
        </l:paragraph>
        <l:paragraph>Gegebenenfalls sollte geprüft werden, ob der Elektrolytstatus gegen eine Einnahme von Magnesium Verla® Kautabletten spricht.</l:paragraph>
        <l:paragraph>
          <l:bold>Besondere Vorsicht bei der Einnahme von Magnesium Verla® Kautabletten ist erforderlich,</l:bold>
        </l:paragraph>
        <l:paragraph>wenn Ihre Nierenfunktion eingeschränkt ist; dann sollten Sie Magnesium Verla® Kautabletten nur unter ärztlicher Kontrolle einnehmen.</l:paragraph>
      </gi:vorsichtsmassnahmen>
      <gi:wechselwirkungen>
        <gi:title>Wechselwirkungen</gi:title>
        <l:paragraph>Bitte informieren Sie Ihren Arzt oder Apotheker, wenn Sie andere Arzneimittel einnehmen/anwenden bzw. vor kurzem eingenommen/angewendet haben, auch wenn es sich um nicht verschreibungspflichtige Arzneimittel handelt.</l:paragraph>
        <l:paragraph>Die Wirkung nachfolgend genannter Arzneistoffe bzw. Präparategruppen kann bei gleichzeitiger Behandlung mit Magnesium Verla® Kautabletten beeinflusst werden.</l:paragraph>
        <l:paragraph>Bestimmte Antibiotika (Tetrazykline), Eisenpräparate und Natriumfluoridpräparate sollten zeitlich 3-4 Stunden versetzt zu Magnesium Verla® Kautabletten einge-nommen werden, um eine gegenseitige Beeinträchtigung der Aufnahme ins Blut zu vermeiden.</l:paragraph>
      </gi:wechselwirkungen>
      <gi:nahrungsmittelinteraktionen>
        <gi:title>Nahrungsmittelinteraktionen</gi:title>
        <l:paragraph>Lorem ipsum dolor sit amet, consetetur sadipscing elitr, sed diam nonumy eirmod tempor invidunt ut labore et dolore magna aliquyam erat, sed diam voluptua.Lorem ipsum dolor sit amet, consetetur sadipscing elitr, sed diam nonumy eirmod tempor invidunt ut labore et dolore magna aliquyam erat, sed diam voluptua.</l:paragraph>
      </gi:nahrungsmittelinteraktionen>
      <gi:schwangerschaft-stillzeit>
        <gi:title>Schwangerschaft-Stillzeit</gi:title>
        <l:paragraph>Magnesium Verla® Kautabletten können in der Schwangerschaft und Stillzeit angewendet werden.</l:paragraph>
      </gi:schwangerschaft-stillzeit>
      <gi:verkehrstuechtigkeit>
        <gi:title>Verkehrstüchtigkeit</gi:title>
        <l:paragraph>Es sind keine besonderen Vorsichtsmaßnahmen erforderlich.</l:paragraph>
      </gi:verkehrstuechtigkeit>
      <gi:substanzinformationen>
        <gi:title>Substanzinformationen</gi:title>
        <l:paragraph>Dieses Arzneimittel enthält Sorbitol. Bitte nehmen Sie Magnesium Verla® Kautab-letten erst nach Rücksprache mit Ihrem Arzt ein, wenn Ihnen bekannt ist, dass Sie unter einer Unverträglichkeit gegenüber bestimmten Zuckern leiden.</l:paragraph>
      </gi:substanzinformationen>
    </gi:vorsichtsmassnahmen-und-warnhinweise>
    <gi:anwendung-dosierung sortid="3" tocid="3">
      <gi:title>Anwendung und Dosierung</gi:title>
      <l:paragraph>Magnesium Verla® Kautabletten sind ein Mineralstoffpräparat.</l:paragraph>
      <l:paragraph>Magnesium Verla® Kautabletten werden angewendet bei nachgewiesenem Magnesiummangel, wenn er Ursache für Störungen der Muskeltätigkeit (neuromuskuläre Störungen, Wadenkrämpfe) ist.</l:paragraph>
      <l:paragraph>Nehmen Sie Magnesium Verla® Kautabletten immer genau nach der Anweisung in dieser Packungsbeilage ein. Bitte fragen Sie Ihren Arzt oder Apotheker, wenn Sie sich nicht ganz sicher sind.</l:paragraph>
      <l:paragraph>Dosierung</l:paragraph>
      <l:paragraph>Falls vom Arzt nicht anders verordnet, ist die übliche Dosis:</l:paragraph>
      <l:paragraph>Erwachsene und Jugendliche:</l:paragraph>
      <l:paragraph>1 Kautablette 1-3 mal täglich (entsprechend 121,5-364,5 mg Magnesium).</l:paragraph>
      <l:paragraph>Kinder ab 6 Jahren:</l:paragraph>
      <l:paragraph>1 Kautablette 1-2 mal täglich (entsprechend 121,5-243 mg Magnesium).</l:paragraph>
      <l:paragraph>
        <l:underline>Art der Anwendung</l:underline>
      </l:paragraph>
      <l:paragraph>Nehmen Sie bitte die Kautabletten zerkaut vor dem Essen ein, da sich dadurch die Aufnahme vom Magen-Darmkanal in den Blutkreislauf verbessert.</l:paragraph>
      <l:paragraph>Dauer der Anwendung</l:paragraph>
      <l:paragraph>Es ist keine zeitliche Begrenzung für die Einnahmedauer vorgesehen. Bei chronischem Magnesiummangel sollte die Einnahme über 4 Wochen andauern.</l:paragraph>
      <l:paragraph>Bitte sprechen Sie mit Ihrem Arzt oder Apotheker, wenn Sie den Eindruck haben, dass die Wirkung von Magnesium Verla® Kautabletten zu stark oder zu schwach ist.</l:paragraph>
    </gi:anwendung-dosierung>
    <gi:aufbewahrung sortid="4" tocid="4">
      <gi:title>Aufbewahrung</gi:title>
      <l:paragraph>Arzneimittel für Kinder unzugänglich aufbewahren.</l:paragraph>
      <l:paragraph>Sie dürfen das Arzneimittel nach dem auf der Faltschachtel und der Durchdrückpackung angegebenen Verfallsdatum nicht mehr verwenden.</l:paragraph>
      <l:paragraph>
        <l:bold>Aufbewahrungsbedingungen:</l:bold>
      </l:paragraph>
      <l:paragraph>Nicht über 25°C aufbewahren.</l:paragraph>
    </gi:aufbewahrung>
    <gi:nebenwirkungen sortid="5" tocid="5">
      <gi:title>Nebenwirkungen</gi:title>
      <l:paragraph>Wie alle Arzneimittel können Magnesium Verla® Kautabletten Nebenwirkungen haben, die aber nicht bei Jedem auftreten müssen.</l:paragraph>
      <l:paragraph>Bei den Häufigkeitsangaben zu Nebenwirkungen werden folgende Kategorien zugrunde gelegt:</l:paragraph>
      <l:paragraph>Sehr häufig: mehr als 1 Behandelter von 10</l:paragraph>
      <l:paragraph>Häufig: 1 bis 10 Behandelte von 100</l:paragraph>
      <l:paragraph>Gelegentlich: 1 bis 10 Behandelte von 1000</l:paragraph>
      <l:paragraph>Selten: 1 bis 10 Behandelte von 10000</l:paragraph>
      <l:paragraph>Sehr selten: weniger als 1 Behandelter von 10000</l:paragraph>
      <l:paragraph>Nicht bekannt: Häufigkeit auf Grundlage der verfügbaren Daten nicht abschätzbar.</l:paragraph>
      <l:paragraph>Gelegentlich können weiche Stühle auftreten, die jedoch unbedenklich sind. Sie können Folge einer hochdosierten Magnesiumbehandlung sein. Selten kann es bei hochdosierter oder länger dauernder Einnahme des Präparates zu Müdigkeitserscheinungen kommen. Dies kann ein Hinweis darauf sein, dass bereits eine erhöhte Magnesiumkonzentration im Blut erreicht ist.</l:paragraph>
      <l:paragraph>Beim Auftreten störender Durchfälle soll die Tagesdosis verringert werden oder das Präparat vorübergehend abgesetzt werden.</l:paragraph>
      <l:paragraph>Informieren Sie bitte Ihren Arzt oder Apotheker, wenn eine der aufgeführten Nebenwirkungen Sie erheblich beeinträchtigt oder Sie Nebenwirkungen bemerken, die nicht in dieser Packungsbeilagen angegeben sind.</l:paragraph>
    </gi:nebenwirkungen>
    <gi:zusatzinformationen sortid="6" tocid="6">
      <gi:title>Weitere Informationen</gi:title>
      <gi:zusammensetzung>
        <gi:title>Zusammensetzung</gi:title>
        <l:paragraph>Der  Wirkstoff ist: Magnesiumbis(hydrogen-DL-aspartat)</l:paragraph>
        <l:paragraph>1 Kautablette enthält:</l:paragraph>
        <l:paragraph>Magnesiumbis(hydrogen-DL-aspartat) 4H2O 1803 mg.</l:paragraph>
        <l:paragraph>Magnesiumgehalt: 5 mmol = 121,5 mg.</l:paragraph>
        <l:paragraph>Die sonstigen Bestandteile sind:</l:paragraph>
        <l:paragraph>Sorbitol (Ph.Eur.), Citronensäure, langkettige Partialglyceride, hochdisperses Siliciumdioxid, Calciumbehenat (DAB), Natriumcyclamat, Saccharin-Natrium, Glycerol 85%, Zitronen-Aroma.</l:paragraph>
        <l:paragraph>Hinweis für Diabetiker: 1 Kautablette enthält verwertbare Kohlenhydrate 0,02 BE.</l:paragraph>
        <l:paragraph>Magnesium Verla® Kautabletten enthalten kein Gluten und keine Lactose.</l:paragraph>
      </gi:zusammensetzung>
      <gi:verpackung>
        <gi:title>Verpackung</gi:title>
        <l:paragraph>Flache, weiße Tabletten mit Bruchkerbe.</l:paragraph>
        <l:paragraph>Magnesium Verla® Kautabletten sind in Packungen mit 20 (N1), 50 (N2) und 100 (N3) Kautabletten erhältlich.</l:paragraph>
      </gi:verpackung>
      <gi:pharmazeutischer-unternehmer>
        <gi:title>Pharmazeutischer Unternehmer</gi:title>
        <l:paragraph>Verla-Pharm Arzneimittel</l:paragraph>
        <l:paragraph>82324 Tutzing</l:paragraph>
        <l:paragraph>www.verla.de</l:paragraph>
        <l:paragraph>
          <l:bold>Diese Packungsbeilage wurde zuletzt überarbeitet: 05/2008</l:bold>
        </l:paragraph>
      </gi:pharmazeutischer-unternehmer>
    </gi:zusatzinformationen>
  </gi:inhalt>
</gi:gi>