{
	"layers": {
		"game": {
			"constructor": "lychee.app.Layer",
			"arguments": [
				{}
			],
			"blob": {
				"entities": [
					{
						"constructor": "lychee.app.Layer",
						"arguments": [
							{
								"relayout": false,
								"width": 768,
								"height": 768
							}
						]
					},
					{
						"constructor": "lychee.app.Layer",
						"arguments": [
							{
								"relayout": false,
								"width": 768,
								"height": 768
							}
						]
					},
					{
						"constructor": "lychee.app.Layer",
						"arguments": [
							{
								"relayout": false,
								"width": 768,
								"height": 768
							}
						]
					},
					{
						"constructor": "lychee.app.Layer",
						"arguments": [
							{
								"relayout": false
							}
						],
						"blob": {
							"entities": [
								{
									"constructor": "game.app.sprite.Portal",
									"arguments": [
										{}
									]
								}
							],
							"map": {
								"portal": 0
							}
						}
					}
				],
				"map": {
					"terrain": 0,
					"objects": 1,
					"bullets": 2,
					"portals": 3
				}
			}
		},
		"ui": {
			"constructor": "lychee.ui.Layer",
			"arguments": [
				{}
			],
			"blob": {
				"entities": [
					{
						"constructor": "game.ui.layer.Control",
						"arguments": [
							{}
						]
					},
					{
						"constructor": "game.ui.entity.Timeout",
						"arguments": [
							{}
						]
					}
				],
				"map": {
					"control": 0,
					"timeout": 1
				}
			}
		}
	}
}