<?xml version="1.0" encoding="ISO-8859-1" ?>
<config>
 <machine>jQuery-Desktop.org</machine>

 <app>web</app>
 <app>mail</app>

 <app>mycomputer</app>
 <app>network</app>
 <app>xenon</app>
 <app>calc</app>
 <app>media</app>

 <app>help</app>
 <app>config</app>

 <env>
  <home_dir>./home</home_dir>
  <apps_dir>./apps</apps_dir>
  <sys_dir>./system</sys_dir>
  <pixmaps_dir>./system/pixmaps</pixmaps_dir>
 </env>

 <tpl>
  <icon>./system/gui/_icons.html</icon>
  <task>./system/gui/_tasks.html</task>
  <quickie>./system/gui/_quickies.html</quickie>

  <window_ajax>./system/gui/window.html</window_ajax>
  <window_iframe>./system/gui/window_iframe.html</window_iframe>
  <tray_top>./system/gui/tray_top.html</tray_top>
  <tray_bottom>./system/gui/tray_top.html</tray_bottom>

  <system>./system/gui/desktop.html</system>
 </tpl>

 <comet>
  <enabled>true</enabled>
  <server>./system/lib/srvcomet.php</server>
 </comet>
</config>