[{
	"name": "X-Cart",
	"amount": 1,
	"stl": "x-carriage/1xX-Cart.stl",
	"depends": {
		"config-wheels": "openbuilds"
	},
	"requires": [{
		"name": "Openbuilds Delrin Mini-V Wheel",
		"amount": 4
	}, {
		"name": "M5x30mm Bolt",
		"amount": 4
	}, {
		"name": "M5 self-locking Nut",
		"amount": 4
	}, {
		"name": "M5x16mm Bolt",
		"amount": 2
	}, {
		"name": "M5 Nut",
		"amount": 2
	}]
}, {
	"name": "X-Cart",
	"amount": 1,
	"stl": "x-carriage/1xX-Cart_for_605ZZ_Wheels.stl",
	"depends": {
		"config-wheels": "605zz"
	},
	"requires": [{
		"name": "M5 Washer",
		"amount": 4
	}, {
		"name": "605ZZ Wheel",
		"amount": 4
	}, {
		"name": "M5x30mm Bolt",
		"amount": 4
	}, {
		"name": "M5 self-locking Nut",
		"amount": 4
	}, {
		"name": "M5x16mm Bolt",
		"amount": 2
	}, {
		"name": "M5 Nut",
		"amount": 2
	}]
}, {
	"name": "X-Left",
	"amount": 1,
	"stl": "x-carriage/1xX-Left_with_Motor_Mount.stl",
	"requires": [{
		"name": "GT20 Pulley",
		"amount": 1,
		"depends": {
			"config-pulleys": "gt20"
		}
	}, {
		"name": "GT20 Aluminium Pulley",
		"amount": 1,
		"depends": {
			"config-pulleys": "alu"
		}
	}, {
		"name": "M5x10mm Bolt",
		"amount": 4
	}, {
		"name": "M5 T-Slot Nut",
		"amount": 4,
		"depends": {
			"config-nuts": "pla"
		}
	}, {
		"name": "M5 Aluminium T-Slot Nut",
		"amount": 4,
		"depends": {
			"config-nuts": "alu"
		}
	}, {
		"name": "M3x20mm Bolt",
		"amount": 4
	}, {
		"name": "M8 Nut",
		"amount": 1
	}, {
		"name": "LM8UU Bearing",
		"amount": 1
	}, {
		"name": "Endstop Switch",
		"amount": 1
	}]
}, {
	"name": "X-Right",
	"amount": 1,
	"stl": "x-carriage/1xX-Right_with_Belt_Puller.stl",
	"requires": [{
		"name": "M5x10mm Bolt",
		"amount": 4
	}, {
		"name": "M5 T-Slot Nut",
		"amount": 4,
		"depends": {
			"config-nuts": "pla"
		}
	}, {
		"name": "M5 Aluminium T-Slot Nut",
		"amount": 4,
		"depends": {
			"config-nuts": "alu"
		}
	}, {
		"name": "M5x30mm Bolt",
		"amount": 1
	}, {
		"name": "M5 Nut",
		"amount": 1
	}, {
		"name": "M8 Nut",
		"amount": 1
	}, {
		"name": "LM8UU Bearing",
		"amount": 1
	}, {
		"name": "Belt Tensioner",
		"amount": 1
	}, {
		"name": "Endstop Switch",
		"amount": 1
	}]
}]
