{
	"layers": {
		"ui": {
			"constructor": "lychee.ui.Layer",
			"arguments": [
				{}
			],
			"blob": {
				"entities": [
					{
						"constructor": "lychee.ui.Blueprint",
						"arguments": [
							{
								"visible": true,
								"type": 3
							}
						],
						"blob": {
							"entities": [
								{
									"constructor": "lychee.ui.element.Search",
									"arguments": [
										{
											"label": "Select",
											"width": 240,
											"height": 620,
											"data": []
										}
									]
								},
								{
									"constructor": "studio.ui.element.modify.Font",
									"arguments": [
										{
											"width": 240,
											"height": 620,
											"type": 2,
											"visible": false
										}
									]
								},
								{
									"constructor": "studio.ui.element.preview.Font",
									"arguments": [
										{
											"width": 480,
											"height": 620,
											"type": 1,
											"visible": false
										}
									]
								}
							],
							"map": {
								"select": 0,
								"modify": 1,
								"preview": 2
							}
						}
					}
				],
				"map": {
					"asset": 0
				}
			}
		}
	}
}
