{
	"header": {
		"identifier": "app.state.Help",
		"attaches": {},
		"tags": {},
		"requires": [
			"app.interface.Intent"
		],
		"includes": [
			"lychee.app.State"
		],
		"supports": {},
		"type": "Composite"
	},
	"memory": {
		"_Intent": {
			"chunk": "lychee.import('app.interface.Intent')",
			"type": "lychee.Definition",
			"value": {
				"reference": "app.interface.Intent",
				"arguments": []
			}
		},
		"_State": {
			"chunk": "lychee.import('lychee.app.State')",
			"type": "lychee.Definition",
			"value": {
				"reference": "lychee.app.State",
				"arguments": []
			}
		},
		"_BLOB": {
			"chunk": "attachments[\"json\"].buffer",
			"type": "undefined"
		},
		"_COMPONENT": {
			"chunk": "Polyfillr.import(attachments[\"html\"].url, attachments[\"html\"].buffer)['state-help']",
			"type": "undefined"
		},
		"_main": {
			"chunk": "global.document.querySelector('main')",
			"type": "undefined"
		}
	},
	"errors": [
		{
			"url": "/projects/research/source/state/Help.js",
			"rule": "unguessable-property-value",
			"reference": "element",
			"message": "Unguessable property \"element\".",
			"line": 23,
			"column": 3
		}
	],
	"result": {
		"constructor": {
			"type": "function",
			"body": "function(main) {\n\n\t\tthis.bot     = main.bot || null;\n\t\tthis.element = _COMPONENT.create();\n\n\n\t\t_main.appendChild(this.element);\n\t\t_State.call(this, main);\n\n\t\tthis.deserialize(_BLOB);\n\n\t}",
			"hash": "0ad0cd6f",
			"parameters": [
				{
					"chunk": null,
					"name": "main",
					"type": "undefined"
				}
			]
		},
		"states": {},
		"properties": {
			"bot": {
				"chunk": "this.bot     = main.bot || null;",
				"value": {
					"chunk": "main.bot || null",
					"type": "Object",
					"value": {}
				}
			},
			"element": {
				"chunk": "this.element = _COMPONENT.create();",
				"value": {
					"chunk": "_COMPONENT.create()",
					"type": "undefined"
				}
			}
		},
		"enums": {},
		"events": {},
		"methods": {
			"serialize": {
				"chunk": "function() {\n\n\t\t\tlet data = _State.prototype.serialize.call(this);\n\t\t\tdata['constructor'] = 'app.state.Help';\n\n\n\t\t\treturn data;\n\n\t\t}",
				"type": "function",
				"hash": "4b38ab29",
				"parameters": [],
				"values": [
					{
						"chunk": "{ 'constructor': 'lychee.app.State',\n\t\t\t\t'arguments':   [ main ],\n\t\t\t\t'blob':        Object.keys(blob).length > 0 ? blob : null\n\t\t\t}",
						"type": "Object",
						"value": {}
					}
				]
			},
			"deserialize": {
				"chunk": "function(blob) {\n\n\t\t\tif (blob.intents instanceof Array) {\n\n\t\t\t\tlet bot = this.bot || null;\n\t\t\t\tif (bot !== null) {\n\n\t\t\t\t\tfor (let i = 0, il = blob.intents.length; i < il; i++) {\n\t\t\t\t\t\tbot.addIntent(new _Intent(blob.intents[i]));\n\t\t\t\t\t}\n\n\t\t\t\t}\n\n\t\t\t}\n\n\t\t}",
				"type": "function",
				"hash": "86434b1c",
				"parameters": [
					{
						"chunk": null,
						"name": "blob",
						"type": "undefined"
					}
				],
				"values": [
					{
						"type": "undefined"
					}
				]
			},
			"enter": {
				"chunk": "function(oncomplete, intent) {\n\n\t\t\toncomplete = oncomplete instanceof Function ? oncomplete : null;\n\t\t\tintent     = intent instanceof _Intent      ? intent     : null;\n\n\n\t\t\tthis.element.fireEventListener('enter', null);\n\n\n\t\t\treturn _State.prototype.enter.call(this, oncomplete);\n\n\t\t}",
				"type": "function",
				"hash": "4c2f3efd",
				"parameters": [
					{
						"chunk": "oncomplete instanceof Function ? oncomplete : null",
						"name": "oncomplete",
						"type": "Function",
						"value": null
					},
					{
						"chunk": "intent instanceof _Intent      ? intent     : null",
						"name": "intent",
						"type": "_Intent",
						"value": null
					}
				],
				"values": [
					{
						"chunk": "true",
						"type": "Boolean",
						"value": true
					}
				]
			},
			"leave": {
				"chunk": "function(oncomplete) {\n\n\t\t\toncomplete = oncomplete instanceof Function ? oncomplete : null;\n\n\n\t\t\tthis.element.fireEventListener('leave', null);\n\n\n\t\t\treturn _State.prototype.leave.call(this, oncomplete);\n\n\t\t}",
				"type": "function",
				"hash": "b572afc8",
				"parameters": [
					{
						"chunk": "oncomplete instanceof Function ? oncomplete : null",
						"name": "oncomplete",
						"type": "Function",
						"value": null
					}
				],
				"values": [
					{
						"chunk": "true",
						"type": "Boolean",
						"value": true
					}
				]
			}
		}
	}
}