{
	"layers": {
		"ui": {
			"constructor": "lychee.ui.Layer",
			"arguments": [
				{}
			],
			"blob": {
				"entities": [
					{
						"constructor": "lychee.ui.Blueprint",
						"arguments": [
							{
								"visible": true,
								"type": 2
							}
						],
						"blob": {
							"entities": [
								{
									"constructor": "ranger.ui.entity.Console",
									"arguments": [
										{
											"label": "STDOUT",
											"options": [],
											"width": 320,
											"height": 480,
											"position": {
												"x": -320,
												"y": 0
											}
										}
									]
								}, {
									"constructor": "ranger.ui.entity.Console",
									"arguments": [
										{
											"label": "STDERR",
											"options": [],
											"width": 320,
											"height": 480,
											"position": {
												"x": 320,
												"y": 0
											}
										}
									]
								}
							],
							"map": {
								"stdout": 0,
								"stderr": 1
							}
						}
					}
				],
				"map": {
					"console": 0
				}
			}
		}
	}
}
