{
	"layers": {
		"ui": {
			"constructor": "lychee.ui.Layer",
			"arguments": [
				{}
			],
			"blob": {
				"entities": [
					{
						"constructor": "lychee.ui.Blueprint",
						"arguments": [
							{
								"visible": false,
								"type": 0
							}
						],
						"blob": {
							"entities": [
								{
									"constructor": "lychee.ui.Element",
									"arguments": [
										{
											"label": "development",
											"options": [
												"Save"
											]
										}
									],
									"blob": {
										"entities": [
											{
												"constructor": "lychee.ui.entity.Input",
												"arguments": [
													{
														"type": 0,
														"value": "localhost"
													}
												]
											},
											{
												"constructor": "lychee.ui.entity.Input",
												"arguments": [
													{
														"type": 1,
														"max": 49151,
														"min": 0,
														"value": 8080
													}
												]
											},
											{
												"constructor": "lychee.ui.entity.Switch",
												"arguments": []
											}
										],
										"map": {
											"host": 0,
											"port": 1,
											"debug": 2
										}
									}
								}
							],
							"map": {
								"development": 0
							}
						}
					}
				],
				"map": {
					"profile": 0
				}
			}
		}
	}
}
