[
	{
		"index": 0,
		"firstName": "Gennady",
		"lastName": "Padalka",
		"shortBio": "Born June 21, 1958, in Krasnodar, Russia. Married to Irina Anatolievna Padalka (Ponomareva). They have three daughters, Yulia, Ekaterina and Sonya. Gennady enjoys the theater, parachute sport and diving.",
		"linkToBiography": "http://www.jsc.nasa.gov/Bios/htmlbios/padalka.html",
		"linkToPhoto": "http://www.jsc.nasa.gov/Bios/portraits/padalka-thumbnail.jpg",
		"translatedPosition": "Station Crew Member",
		"position": "FE-1",
		"agency": "RSA",
		"socialSites": [],
		"activities": [
			{
				"index": 0,
				"label": "Sleep",
				"start": "2015-04-11T19:30:00.000Z",
				"end": "2015-04-12T04:00:00.000Z",
				"color": "#9999FF",
				"category": "Routine Activities",
				"description": "Gennady is sleeping in their crew quarters onboard the International Space Station.",
				"links": [
					{
						"type": "Video",
						"name": "What Is The Space Station",
						"url": "http://www.nasa.gov/multimedia/videogallery/index.html?media_id=97766082"
					}
				]
			},
			{
				"index": 1,
				"label": "Personal Time Before Going To Work",
				"start": "2015-04-12T04:00:00.000Z",
				"end": "2015-04-12T05:30:00.000Z",
				"color": "#9999FF",
				"category": "Routine Activities",
				"description": "Gennady is using this time to prepare for the activities of the day by doing things such as eating breakfast, inspecting the Space Station, morning hygienic care, etc.",
				"links": [
					{
						"type": "Video",
						"name": "What Is The Space Station",
						"url": "http://www.nasa.gov/multimedia/videogallery/index.html?media_id=97766082"
					}
				]
			},
			{
				"index": 2,
				"label": "Exercise",
				"start": "2015-04-12T06:50:00.000Z",
				"end": "2015-04-12T08:20:00.000Z",
				"color": "#9999FF",
				"category": "Routine Activities",
				"description": "A scheduled Routine Activity is being performed onboard the ISS. These are activities that the crew must perform everyday as part of their living accomodations onboard the ISS. Some routine activities include crew sleep, meals, excersize, personal time and hygiene.",
				"links": [
					{
						"type": "Video",
						"name": "What Is The Space Station",
						"url": "http://www.nasa.gov/multimedia/videogallery/index.html?media_id=97766082"
					}
				]
			},
			{
				"index": 3,
				"label": "Conference With Family And Friends",
				"start": "2015-04-12T08:20:00.000Z",
				"end": "2015-04-12T08:35:00.000Z",
				"color": "#3333CC",
				"category": "Medical",
				"description": "A scheduled medical activity is being performed onboard the ISS. Medical activities fall under theThe Crew Health Care System (CHeCS)/Integrated Medical System. These include a suite of hardware on the ISS that provides the medical and environmental capabilities necessary to ensure the health and safety of crewmembers during long-duration missions. CHeCS is divided into three subsystems: The Countermeasure System (CMS), the Environmental Health System (EHS), and the Health Maintenance System (HMS).",
				"links": [
					{
						"type": "Video",
						"name": "Space Station Research",
						"url": "http://www.nasa.gov/multimedia/videogallery/index.html?media_id=97769842"
					}
				]
			},
			{
				"index": 4,
				"label": "Preparation For Russian Public Affairs Event",
				"start": "2015-04-12T09:25:00.000Z",
				"end": "2015-04-12T09:35:00.000Z",
				"color": "#CC9966",
				"category": "Unspecified",
				"description": "The activity scheduled at this time is using resources aboard the International Space Station.  A resource is anything that has a defined maximum usage.  Common resources are: effort by the crew (their time) - electrical power - thermal cooling - and radio communication bandwidth.  The timeline, and the activities scheduled, allow both the crew and the flight controllers to know what is happening, when it is happening, and what resources are being used.",
				"links": []
			},
			{
				"index": 5,
				"label": "Preparation For Russian Public Affairs Event",
				"start": "2015-04-12T09:50:00.000Z",
				"end": "2015-04-12T10:00:00.000Z",
				"color": "#CC9966",
				"category": "Unspecified",
				"description": "Gennady, Mikhail, and Anton are preparing for an upcoming Russian Public Affairs Office activity.",
				"links": []
			},
			{
				"index": 6,
				"label": "Preparation For Russian Public Affairs Event",
				"start": "2015-04-12T10:00:00.000Z",
				"end": "2015-04-12T10:15:00.000Z",
				"color": "#CC9966",
				"category": "Unspecified",
				"description": "The activity scheduled at this time is using resources aboard the International Space Station.  A resource is anything that has a defined maximum usage.  Common resources are: effort by the crew (their time) - electrical power - thermal cooling - and radio communication bandwidth.  The timeline, and the activities scheduled, allow both the crew and the flight controllers to know what is happening, when it is happening, and what resources are being used.",
				"links": []
			},
			{
				"index": 7,
				"label": "Lunch",
				"start": "2015-04-12T11:00:00.000Z",
				"end": "2015-04-12T12:00:00.000Z",
				"color": "#9999FF",
				"category": "Routine Activities",
				"description": "Gennady is taking time to eat lunch onboard the ISS.",
				"links": [
					{
						"type": "Video",
						"name": "What Is The Space Station",
						"url": "http://www.nasa.gov/multimedia/videogallery/index.html?media_id=97766082"
					}
				]
			},
			{
				"index": 8,
				"label": "Life Support System Maintenance",
				"start": "2015-04-12T12:40:00.000Z",
				"end": "2015-04-12T13:20:00.000Z",
				"color": "#336600",
				"category": "ISS Life Support Systems",
				"description": "Gennady is performing maintenance on the Russian Oxygen Generator System (Elektron).",
				"links": [
					{
						"type": "Video",
						"name": "What Is The Space Station",
						"url": "http://www.nasa.gov/multimedia/videogallery/index.html?media_id=97766082"
					}
				]
			},
			{
				"index": 9,
				"label": "Conference With Family And Friends",
				"start": "2015-04-12T13:20:00.000Z",
				"end": "2015-04-12T13:35:00.000Z",
				"color": "#3333CC",
				"category": "Medical",
				"description": "A scheduled medical activity is being performed onboard the ISS. Medical activities fall under theThe Crew Health Care System (CHeCS)/Integrated Medical System. These include a suite of hardware on the ISS that provides the medical and environmental capabilities necessary to ensure the health and safety of crewmembers during long-duration missions. CHeCS is divided into three subsystems: The Countermeasure System (CMS), the Environmental Health System (EHS), and the Health Maintenance System (HMS).",
				"links": [
					{
						"type": "Video",
						"name": "Space Station Research",
						"url": "http://www.nasa.gov/multimedia/videogallery/index.html?media_id=97769842"
					}
				]
			},
			{
				"index": 10,
				"label": "Exercise On Russian Exercise Bike",
				"start": "2015-04-12T16:00:00.000Z",
				"end": "2015-04-12T17:00:00.000Z",
				"color": "#9999FF",
				"category": "Routine Activities",
				"description": "Gennady is exercising on the Russian Veloergometer (VELO) Exercise bike.",
				"links": [
					{
						"type": "Video",
						"name": "What Is The Space Station",
						"url": "http://www.nasa.gov/multimedia/videogallery/index.html?media_id=97766082"
					}
				]
			},
			{
				"index": 11,
				"label": "Prepare For The Next Day's Work",
				"start": "2015-04-12T17:00:00.000Z",
				"end": "2015-04-12T17:15:00.000Z",
				"color": "#9999FF",
				"category": "Routine Activities",
				"description": "Gennady is completing evening preparation work which includes plan reviews, report preparations and prep work for the following day.",
				"links": [
					{
						"type": "Video",
						"name": "What Is The Space Station",
						"url": "http://www.nasa.gov/multimedia/videogallery/index.html?media_id=97766082"
					}
				]
			},
			{
				"index": 12,
				"label": "Discuss Today's Work With The Ground",
				"start": "2015-04-12T17:15:00.000Z",
				"end": "2015-04-12T17:30:00.000Z",
				"color": "#9999FF",
				"category": "Routine Activities",
				"description": "Gennady, Mikhail, Anton, and The Mission Control Center are having a Daily Planning Conference (DPC) with Ground Control to review the activity schedule set forth for the day.",
				"links": [
					{
						"type": "Video",
						"name": "What Is The Space Station",
						"url": "http://www.nasa.gov/multimedia/videogallery/index.html?media_id=97766082"
					}
				]
			},
			{
				"index": 13,
				"label": "Personal Time Before Going To Sleep",
				"start": "2015-04-12T17:30:00.000Z",
				"end": "2015-04-12T19:30:00.000Z",
				"color": "#9999FF",
				"category": "Routine Activities",
				"description": "Gennady is taking time for personal activities before going to sleep.",
				"links": [
					{
						"type": "Video",
						"name": "What Is The Space Station",
						"url": "http://www.nasa.gov/multimedia/videogallery/index.html?media_id=97766082"
					}
				]
			},
			{
				"index": 14,
				"label": "Sleep",
				"start": "2015-04-12T19:30:00.000Z",
				"end": "2015-04-13T04:00:00.000Z",
				"color": "#9999FF",
				"category": "Routine Activities",
				"description": "Gennady is sleeping in their crew quarters onboard the International Space Station.",
				"links": [
					{
						"type": "Video",
						"name": "What Is The Space Station",
						"url": "http://www.nasa.gov/multimedia/videogallery/index.html?media_id=97766082"
					}
				]
			}
		]
	},
	{
		"index": 1,
		"firstName": "Mikhail",
		"lastName": "Kornienko",
		"shortBio": "Born April 15, 1960, in Syzran, Kuibyshev region, Russia. Married to Irina Anatolievna Kornienko (Savostina). They have a daughter, Natalia. His father, Boris G. Kornienko (1928-1965), a military pilot, perished in an airplane crash. His mother, Faina M. Kornienko resides in Moscow. Hobbies include running, swimming, athletics, and mountaineering.",
		"linkToBiography": "http://www.jsc.nasa.gov/Bios/htmlbios/kornienko.html",
		"linkToPhoto": "http://www.jsc.nasa.gov/Bios/portraits/kornienko_thumbnail.jpg",
		"translatedPosition": "Station Crew Member",
		"position": "FE-2",
		"agency": "RSA",
		"socialSites": [],
		"activities": [
			{
				"index": 0,
				"label": "Sleep",
				"start": "2015-04-11T19:30:00.000Z",
				"end": "2015-04-12T04:00:00.000Z",
				"color": "#9999FF",
				"category": "Routine Activities",
				"description": "Mikhail is sleeping in their crew quarters onboard the International Space Station.",
				"links": [
					{
						"type": "Video",
						"name": "What Is The Space Station",
						"url": "http://www.nasa.gov/multimedia/videogallery/index.html?media_id=97766082"
					}
				]
			},
			{
				"index": 1,
				"label": "Personal Time Before Going To Work",
				"start": "2015-04-12T04:00:00.000Z",
				"end": "2015-04-12T05:30:00.000Z",
				"color": "#9999FF",
				"category": "Routine Activities",
				"description": "Mikhail is using this time to prepare for the activities of the day by doing things such as eating breakfast, inspecting the Space Station, morning hygienic care, etc.",
				"links": [
					{
						"type": "Video",
						"name": "What Is The Space Station",
						"url": "http://www.nasa.gov/multimedia/videogallery/index.html?media_id=97766082"
					}
				]
			},
			{
				"index": 2,
				"label": "Mix Space Biotechnology",
				"start": "2015-04-12T07:10:00.000Z",
				"end": "2015-04-12T07:20:00.000Z",
				"color": "#268EF9",
				"category": "Experiments",
				"description": "A scheduled scientific experiment is taking place. The ISS is a unique international research facility where crew members  conduct multidiscipline research in biology and biotechnology, materials and physical science, technology advancement and development, and research on the effects of long-duration space flight on the human body. The results of the research completed on the ISS may be applied to various areas of science, enabling us to improve life on this planet and giving us the experience and increased understanding to journey to other worlds.",
				"links": [
					{
						"type": "Video",
						"name": "Space Station Research",
						"url": "http://www.nasa.gov/multimedia/videogallery/index.html?media_id=97769842"
					}
				]
			},
			{
				"index": 3,
				"label": "Exercise On Russian Exercise Bike",
				"start": "2015-04-12T07:20:00.000Z",
				"end": "2015-04-12T08:20:00.000Z",
				"color": "#9999FF",
				"category": "Routine Activities",
				"description": "Mikhail is exercising on the Russian Veloergometer (VELO) Exercise bike.",
				"links": [
					{
						"type": "Video",
						"name": "What Is The Space Station",
						"url": "http://www.nasa.gov/multimedia/videogallery/index.html?media_id=97766082"
					}
				]
			},
			{
				"index": 4,
				"label": "Conference With Family And Friends",
				"start": "2015-04-12T08:20:00.000Z",
				"end": "2015-04-12T08:35:00.000Z",
				"color": "#3333CC",
				"category": "Medical",
				"description": "A scheduled medical activity is being performed onboard the ISS. Medical activities fall under theThe Crew Health Care System (CHeCS)/Integrated Medical System. These include a suite of hardware on the ISS that provides the medical and environmental capabilities necessary to ensure the health and safety of crewmembers during long-duration missions. CHeCS is divided into three subsystems: The Countermeasure System (CMS), the Environmental Health System (EHS), and the Health Maintenance System (HMS).",
				"links": [
					{
						"type": "Video",
						"name": "Space Station Research",
						"url": "http://www.nasa.gov/multimedia/videogallery/index.html?media_id=97769842"
					}
				]
			},
			{
				"index": 5,
				"label": "Preparation For Russian Public Affairs Event",
				"start": "2015-04-12T09:50:00.000Z",
				"end": "2015-04-12T10:00:00.000Z",
				"color": "#CC9966",
				"category": "Unspecified",
				"description": "Gennady, Mikhail, and Anton are preparing for an upcoming Russian Public Affairs Office activity.",
				"links": []
			},
			{
				"index": 6,
				"label": "Preparation For Russian Public Affairs Event",
				"start": "2015-04-12T10:00:00.000Z",
				"end": "2015-04-12T10:15:00.000Z",
				"color": "#CC9966",
				"category": "Unspecified",
				"description": "The activity scheduled at this time is using resources aboard the International Space Station.  A resource is anything that has a defined maximum usage.  Common resources are: effort by the crew (their time) - electrical power - thermal cooling - and radio communication bandwidth.  The timeline, and the activities scheduled, allow both the crew and the flight controllers to know what is happening, when it is happening, and what resources are being used.",
				"links": []
			},
			{
				"index": 7,
				"label": "Lunch",
				"start": "2015-04-12T11:00:00.000Z",
				"end": "2015-04-12T12:00:00.000Z",
				"color": "#9999FF",
				"category": "Routine Activities",
				"description": "Mikhail is taking time to eat lunch onboard the ISS.",
				"links": [
					{
						"type": "Video",
						"name": "What Is The Space Station",
						"url": "http://www.nasa.gov/multimedia/videogallery/index.html?media_id=97766082"
					}
				]
			},
			{
				"index": 8,
				"label": "Conference With Family And Friends",
				"start": "2015-04-12T14:55:00.000Z",
				"end": "2015-04-12T15:10:00.000Z",
				"color": "#3333CC",
				"category": "Medical",
				"description": "A scheduled medical activity is being performed onboard the ISS. Medical activities fall under theThe Crew Health Care System (CHeCS)/Integrated Medical System. These include a suite of hardware on the ISS that provides the medical and environmental capabilities necessary to ensure the health and safety of crewmembers during long-duration missions. CHeCS is divided into three subsystems: The Countermeasure System (CMS), the Environmental Health System (EHS), and the Health Maintenance System (HMS).",
				"links": [
					{
						"type": "Video",
						"name": "Space Station Research",
						"url": "http://www.nasa.gov/multimedia/videogallery/index.html?media_id=97769842"
					}
				]
			},
			{
				"index": 9,
				"label": "Exercise",
				"start": "2015-04-12T15:20:00.000Z",
				"end": "2015-04-12T16:50:00.000Z",
				"color": "#9999FF",
				"category": "Routine Activities",
				"description": "A scheduled Routine Activity is being performed onboard the ISS. These are activities that the crew must perform everyday as part of their living accomodations onboard the ISS. Some routine activities include crew sleep, meals, excersize, personal time and hygiene.",
				"links": [
					{
						"type": "Video",
						"name": "What Is The Space Station",
						"url": "http://www.nasa.gov/multimedia/videogallery/index.html?media_id=97766082"
					}
				]
			},
			{
				"index": 10,
				"label": "Mix Space Biotechnology",
				"start": "2015-04-12T16:50:00.000Z",
				"end": "2015-04-12T17:00:00.000Z",
				"color": "#268EF9",
				"category": "Experiments",
				"description": "A scheduled scientific experiment is taking place. The ISS is a unique international research facility where crew members  conduct multidiscipline research in biology and biotechnology, materials and physical science, technology advancement and development, and research on the effects of long-duration space flight on the human body. The results of the research completed on the ISS may be applied to various areas of science, enabling us to improve life on this planet and giving us the experience and increased understanding to journey to other worlds.",
				"links": [
					{
						"type": "Video",
						"name": "Space Station Research",
						"url": "http://www.nasa.gov/multimedia/videogallery/index.html?media_id=97769842"
					}
				]
			},
			{
				"index": 11,
				"label": "Prepare For The Next Day's Work",
				"start": "2015-04-12T17:00:00.000Z",
				"end": "2015-04-12T17:15:00.000Z",
				"color": "#9999FF",
				"category": "Routine Activities",
				"description": "Mikhail is completing evening preparation work which includes plan reviews, report preparations and prep work for the following day.",
				"links": [
					{
						"type": "Video",
						"name": "What Is The Space Station",
						"url": "http://www.nasa.gov/multimedia/videogallery/index.html?media_id=97766082"
					}
				]
			},
			{
				"index": 12,
				"label": "Discuss Today's Work With The Ground",
				"start": "2015-04-12T17:15:00.000Z",
				"end": "2015-04-12T17:30:00.000Z",
				"color": "#9999FF",
				"category": "Routine Activities",
				"description": "Gennady, Mikhail, Anton, and The Mission Control Center are having a Daily Planning Conference (DPC) with Ground Control to review the activity schedule set forth for the day.",
				"links": [
					{
						"type": "Video",
						"name": "What Is The Space Station",
						"url": "http://www.nasa.gov/multimedia/videogallery/index.html?media_id=97766082"
					}
				]
			},
			{
				"index": 13,
				"label": "Personal Time Before Going To Sleep",
				"start": "2015-04-12T17:30:00.000Z",
				"end": "2015-04-12T19:30:00.000Z",
				"color": "#9999FF",
				"category": "Routine Activities",
				"description": "Mikhail is taking time for personal activities before going to sleep.",
				"links": [
					{
						"type": "Video",
						"name": "What Is The Space Station",
						"url": "http://www.nasa.gov/multimedia/videogallery/index.html?media_id=97766082"
					}
				]
			},
			{
				"index": 14,
				"label": "Sleep",
				"start": "2015-04-12T19:30:00.000Z",
				"end": "2015-04-13T04:00:00.000Z",
				"color": "#9999FF",
				"category": "Routine Activities",
				"description": "Mikhail is sleeping in their crew quarters onboard the International Space Station.",
				"links": [
					{
						"type": "Video",
						"name": "What Is The Space Station",
						"url": "http://www.nasa.gov/multimedia/videogallery/index.html?media_id=97766082"
					}
				]
			}
		]
	},
	{
		"index": 2,
		"firstName": "Scott",
		"lastName": "Kelly",
		"shortBio": "Born February 21, 1964 in Orange, New Jersey. He has two children.",
		"linkToBiography": "http://www.jsc.nasa.gov/Bios/htmlbios/kellysj.html",
		"linkToPhoto": "http://www.jsc.nasa.gov/Bios/portraits/kellysj-thumbnail.jpg",
		"translatedPosition": "Station Crew Member",
		"position": "FE-3",
		"agency": "NASA",
		"socialSites": [],
		"activities": [
			{
				"index": 0,
				"label": "Sleep",
				"start": "2015-04-11T19:30:00.000Z",
				"end": "2015-04-12T04:00:00.000Z",
				"color": "#9999FF",
				"category": "Routine Activities",
				"description": "Scott is sleeping in their crew quarters onboard the International Space Station.",
				"links": [
					{
						"type": "Video",
						"name": "What Is The Space Station",
						"url": "http://www.nasa.gov/multimedia/videogallery/index.html?media_id=97766082"
					}
				]
			},
			{
				"index": 1,
				"label": "Personal Time Before Going To Work",
				"start": "2015-04-12T04:00:00.000Z",
				"end": "2015-04-12T05:30:00.000Z",
				"color": "#9999FF",
				"category": "Routine Activities",
				"description": "Scott is using this time to prepare for the activities of the day by doing things such as eating breakfast, inspecting the Space Station, morning hygienic care, etc.",
				"links": [
					{
						"type": "Video",
						"name": "What Is The Space Station",
						"url": "http://www.nasa.gov/multimedia/videogallery/index.html?media_id=97766082"
					}
				]
			},
			{
				"index": 2,
				"label": "Lunch",
				"start": "2015-04-12T11:00:00.000Z",
				"end": "2015-04-12T12:00:00.000Z",
				"color": "#9999FF",
				"category": "Routine Activities",
				"description": "Scott is taking time to eat lunch onboard the ISS.",
				"links": [
					{
						"type": "Video",
						"name": "What Is The Space Station",
						"url": "http://www.nasa.gov/multimedia/videogallery/index.html?media_id=97766082"
					}
				]
			},
			{
				"index": 3,
				"label": "Strength Training Exercise",
				"start": "2015-04-12T13:25:00.000Z",
				"end": "2015-04-12T14:55:00.000Z",
				"color": "#9999FF",
				"category": "Routine Activities",
				"description": "Scott is exercising on the Advanced Resistive Exercise Device (ARED).",
				"links": [
					{
						"type": "Video",
						"name": "What Is The Space Station",
						"url": "http://www.nasa.gov/multimedia/videogallery/index.html?media_id=97766082"
					}
				]
			},
			{
				"index": 4,
				"label": "Treadmill Exercise",
				"start": "2015-04-12T14:55:00.000Z",
				"end": "2015-04-12T15:55:00.000Z",
				"color": "#9999FF",
				"category": "Routine Activities",
				"description": "Scott is exercising on the T2 Treadmill (a.k.a. as the Combined Operational Load Bearing External Treadmill (COLBERT)",
				"links": [
					{
						"type": "Video",
						"name": "What Is The Space Station",
						"url": "http://www.nasa.gov/multimedia/videogallery/index.html?media_id=97766082"
					}
				]
			},
			{
				"index": 5,
				"label": "Prepare For The Next Day's Work",
				"start": "2015-04-12T16:55:00.000Z",
				"end": "2015-04-12T17:30:00.000Z",
				"color": "#9999FF",
				"category": "Routine Activities",
				"description": "Scott is completing evening preparation work which includes plan reviews, report preparations and prep work for the following day.",
				"links": [
					{
						"type": "Video",
						"name": "What Is The Space Station",
						"url": "http://www.nasa.gov/multimedia/videogallery/index.html?media_id=97766082"
					}
				]
			},
			{
				"index": 6,
				"label": "Personal Time Before Going To Sleep",
				"start": "2015-04-12T17:30:00.000Z",
				"end": "2015-04-12T18:20:00.000Z",
				"color": "#9999FF",
				"category": "Routine Activities",
				"description": "Scott is taking time for personal activities before going to sleep.",
				"links": [
					{
						"type": "Video",
						"name": "What Is The Space Station",
						"url": "http://www.nasa.gov/multimedia/videogallery/index.html?media_id=97766082"
					}
				]
			},
			{
				"index": 7,
				"label": "Conference With Ground",
				"start": "2015-04-12T18:20:00.000Z",
				"end": "2015-04-12T18:35:00.000Z",
				"color": "#3333CC",
				"category": "Medical",
				"description": "A scheduled medical activity is being performed onboard the ISS. Medical activities fall under theThe Crew Health Care System (CHeCS)/Integrated Medical System. These include a suite of hardware on the ISS that provides the medical and environmental capabilities necessary to ensure the health and safety of crewmembers during long-duration missions. CHeCS is divided into three subsystems: The Countermeasure System (CMS), the Environmental Health System (EHS), and the Health Maintenance System (HMS).",
				"links": [
					{
						"type": "Video",
						"name": "Space Station Research",
						"url": "http://www.nasa.gov/multimedia/videogallery/index.html?media_id=97769842"
					}
				]
			},
			{
				"index": 8,
				"label": "Personal Time Before Going To Sleep",
				"start": "2015-04-12T18:35:00.000Z",
				"end": "2015-04-12T19:25:00.000Z",
				"color": "#9999FF",
				"category": "Routine Activities",
				"description": "Scott is taking time for personal activities before going to sleep.",
				"links": [
					{
						"type": "Video",
						"name": "What Is The Space Station",
						"url": "http://www.nasa.gov/multimedia/videogallery/index.html?media_id=97766082"
					}
				]
			},
			{
				"index": 9,
				"label": "Habitat Task",
				"start": "2015-04-12T19:25:00.000Z",
				"end": "2015-04-12T19:30:00.000Z",
				"color": "#268EF9",
				"category": "Experiments",
				"description": "A scheduled scientific experiment is taking place. The ISS is a unique international research facility where crew members  conduct multidiscipline research in biology and biotechnology, materials and physical science, technology advancement and development, and research on the effects of long-duration space flight on the human body. The results of the research completed on the ISS may be applied to various areas of science, enabling us to improve life on this planet and giving us the experience and increased understanding to journey to other worlds.",
				"links": [
					{
						"type": "Video",
						"name": "Space Station Research",
						"url": "http://www.nasa.gov/multimedia/videogallery/index.html?media_id=97769842"
					}
				]
			},
			{
				"index": 10,
				"label": "Sleep",
				"start": "2015-04-12T19:30:00.000Z",
				"end": "2015-04-13T04:00:00.000Z",
				"color": "#9999FF",
				"category": "Routine Activities",
				"description": "Scott is sleeping in their crew quarters onboard the International Space Station.",
				"links": [
					{
						"type": "Video",
						"name": "What Is The Space Station",
						"url": "http://www.nasa.gov/multimedia/videogallery/index.html?media_id=97766082"
					}
				]
			}
		]
	},
	{
		"index": 3,
		"firstName": "Anton",
		"lastName": "Shkaplerov",
		"shortBio": "Born February 20, 1972, in Sevastopol. His parents, Nikolay Ivanovich Shkaplerov and Tamara Viktorovna Shkaplerova, reside in Sevastopol, in the Crimea. Anton is married to Tatyana Petrovna, and they have two daughters named Kristina and Kira. His hobbies include sports, travel, fishing and golf.",
		"linkToBiography": "http://www.jsc.nasa.gov/Bios/htmlbios/shkaplerov.html",
		"linkToPhoto": "http://www.jsc.nasa.gov/Bios/portraits/anton_thum.jpg",
		"translatedPosition": "Station Crew Member",
		"position": "FE-4",
		"agency": "RSA",
		"socialSites": [],
		"activities": [
			{
				"index": 0,
				"label": "Sleep",
				"start": "2015-04-11T19:30:00.000Z",
				"end": "2015-04-12T04:00:00.000Z",
				"color": "#9999FF",
				"category": "Routine Activities",
				"description": "Anton is sleeping in their crew quarters onboard the International Space Station.",
				"links": [
					{
						"type": "Video",
						"name": "What Is The Space Station",
						"url": "http://www.nasa.gov/multimedia/videogallery/index.html?media_id=97766082"
					}
				]
			},
			{
				"index": 1,
				"label": "Personal Time Before Going To Work",
				"start": "2015-04-12T04:00:00.000Z",
				"end": "2015-04-12T05:30:00.000Z",
				"color": "#9999FF",
				"category": "Routine Activities",
				"description": "Anton is using this time to prepare for the activities of the day by doing things such as eating breakfast, inspecting the Space Station, morning hygienic care, etc.",
				"links": [
					{
						"type": "Video",
						"name": "What Is The Space Station",
						"url": "http://www.nasa.gov/multimedia/videogallery/index.html?media_id=97766082"
					}
				]
			},
			{
				"index": 2,
				"label": "Sensor",
				"start": "2015-04-12T06:45:00.000Z",
				"end": "2015-04-12T06:50:00.000Z",
				"color": "#268EF9",
				"category": "Experiments",
				"description": "A scheduled scientific experiment is taking place. The ISS is a unique international research facility where crew members  conduct multidiscipline research in biology and biotechnology, materials and physical science, technology advancement and development, and research on the effects of long-duration space flight on the human body. The results of the research completed on the ISS may be applied to various areas of science, enabling us to improve life on this planet and giving us the experience and increased understanding to journey to other worlds.",
				"links": [
					{
						"type": "Video",
						"name": "Space Station Research",
						"url": "http://www.nasa.gov/multimedia/videogallery/index.html?media_id=97769842"
					}
				]
			},
			{
				"index": 3,
				"label": "Strength Training Exercise",
				"start": "2015-04-12T06:50:00.000Z",
				"end": "2015-04-12T08:20:00.000Z",
				"color": "#9999FF",
				"category": "Routine Activities",
				"description": "Anton is exercising on the Advanced Resistive Exercise Device (ARED).",
				"links": [
					{
						"type": "Video",
						"name": "What Is The Space Station",
						"url": "http://www.nasa.gov/multimedia/videogallery/index.html?media_id=97766082"
					}
				]
			},
			{
				"index": 4,
				"label": "Conference With Family And Friends",
				"start": "2015-04-12T08:20:00.000Z",
				"end": "2015-04-12T08:35:00.000Z",
				"color": "#3333CC",
				"category": "Medical",
				"description": "A scheduled medical activity is being performed onboard the ISS. Medical activities fall under theThe Crew Health Care System (CHeCS)/Integrated Medical System. These include a suite of hardware on the ISS that provides the medical and environmental capabilities necessary to ensure the health and safety of crewmembers during long-duration missions. CHeCS is divided into three subsystems: The Countermeasure System (CMS), the Environmental Health System (EHS), and the Health Maintenance System (HMS).",
				"links": [
					{
						"type": "Video",
						"name": "Space Station Research",
						"url": "http://www.nasa.gov/multimedia/videogallery/index.html?media_id=97769842"
					}
				]
			},
			{
				"index": 5,
				"label": "Preparation For Russian Public Affairs Event",
				"start": "2015-04-12T09:50:00.000Z",
				"end": "2015-04-12T10:00:00.000Z",
				"color": "#CC9966",
				"category": "Unspecified",
				"description": "Gennady, Mikhail, and Anton are preparing for an upcoming Russian Public Affairs Office activity.",
				"links": []
			},
			{
				"index": 6,
				"label": "Preparation For Russian Public Affairs Event",
				"start": "2015-04-12T10:00:00.000Z",
				"end": "2015-04-12T10:15:00.000Z",
				"color": "#CC9966",
				"category": "Unspecified",
				"description": "The activity scheduled at this time is using resources aboard the International Space Station.  A resource is anything that has a defined maximum usage.  Common resources are: effort by the crew (their time) - electrical power - thermal cooling - and radio communication bandwidth.  The timeline, and the activities scheduled, allow both the crew and the flight controllers to know what is happening, when it is happening, and what resources are being used.",
				"links": []
			},
			{
				"index": 7,
				"label": "Lunch",
				"start": "2015-04-12T11:00:00.000Z",
				"end": "2015-04-12T12:00:00.000Z",
				"color": "#9999FF",
				"category": "Routine Activities",
				"description": "Anton is taking time to eat lunch onboard the ISS.",
				"links": [
					{
						"type": "Video",
						"name": "What Is The Space Station",
						"url": "http://www.nasa.gov/multimedia/videogallery/index.html?media_id=97766082"
					}
				]
			},
			{
				"index": 8,
				"label": "Exercise",
				"start": "2015-04-12T14:20:00.000Z",
				"end": "2015-04-12T15:20:00.000Z",
				"color": "#9999FF",
				"category": "Routine Activities",
				"description": "A scheduled Routine Activity is being performed onboard the ISS. These are activities that the crew must perform everyday as part of their living accomodations onboard the ISS. Some routine activities include crew sleep, meals, excersize, personal time and hygiene.",
				"links": [
					{
						"type": "Video",
						"name": "What Is The Space Station",
						"url": "http://www.nasa.gov/multimedia/videogallery/index.html?media_id=97766082"
					}
				]
			},
			{
				"index": 9,
				"label": "Prepare For The Next Day's Work",
				"start": "2015-04-12T17:00:00.000Z",
				"end": "2015-04-12T17:15:00.000Z",
				"color": "#9999FF",
				"category": "Routine Activities",
				"description": "Anton is completing evening preparation work which includes plan reviews, report preparations and prep work for the following day.",
				"links": [
					{
						"type": "Video",
						"name": "What Is The Space Station",
						"url": "http://www.nasa.gov/multimedia/videogallery/index.html?media_id=97766082"
					}
				]
			},
			{
				"index": 10,
				"label": "Discuss Today's Work With The Ground",
				"start": "2015-04-12T17:15:00.000Z",
				"end": "2015-04-12T17:30:00.000Z",
				"color": "#9999FF",
				"category": "Routine Activities",
				"description": "Gennady, Mikhail, Anton, and The Mission Control Center are having a Daily Planning Conference (DPC) with Ground Control to review the activity schedule set forth for the day.",
				"links": [
					{
						"type": "Video",
						"name": "What Is The Space Station",
						"url": "http://www.nasa.gov/multimedia/videogallery/index.html?media_id=97766082"
					}
				]
			},
			{
				"index": 11,
				"label": "Personal Time Before Going To Sleep",
				"start": "2015-04-12T17:30:00.000Z",
				"end": "2015-04-12T19:25:00.000Z",
				"color": "#9999FF",
				"category": "Routine Activities",
				"description": "Anton is taking time for personal activities before going to sleep.",
				"links": [
					{
						"type": "Video",
						"name": "What Is The Space Station",
						"url": "http://www.nasa.gov/multimedia/videogallery/index.html?media_id=97766082"
					}
				]
			},
			{
				"index": 12,
				"label": "Sensor",
				"start": "2015-04-12T19:25:00.000Z",
				"end": "2015-04-12T19:30:00.000Z",
				"color": "#268EF9",
				"category": "Experiments",
				"description": "A scheduled scientific experiment is taking place. The ISS is a unique international research facility where crew members  conduct multidiscipline research in biology and biotechnology, materials and physical science, technology advancement and development, and research on the effects of long-duration space flight on the human body. The results of the research completed on the ISS may be applied to various areas of science, enabling us to improve life on this planet and giving us the experience and increased understanding to journey to other worlds.",
				"links": [
					{
						"type": "Video",
						"name": "Space Station Research",
						"url": "http://www.nasa.gov/multimedia/videogallery/index.html?media_id=97769842"
					}
				]
			},
			{
				"index": 13,
				"label": "Sleep",
				"start": "2015-04-12T19:30:00.000Z",
				"end": "2015-04-13T04:00:00.000Z",
				"color": "#9999FF",
				"category": "Routine Activities",
				"description": "Anton is sleeping in their crew quarters onboard the International Space Station.",
				"links": [
					{
						"type": "Video",
						"name": "What Is The Space Station",
						"url": "http://www.nasa.gov/multimedia/videogallery/index.html?media_id=97766082"
					}
				]
			}
		]
	},
	{
		"index": 4,
		"firstName": "Samantha",
		"lastName": "Cristoforetti",
		"shortBio": "Born in Milan, Italy, on 26 April 1977. Cristoforetti enjoys hiking, scuba diving, caving, swimming, running, weight training and yoga. Other interests include learning foreign languages, reading and ballroom dancing.",
		"linkToBiography": "http://www.esa.int/esaHS/SEMHZJ0OWUF_astronauts_0.html",
		"linkToPhoto": "http://www.esa.int/images/2009-06-005_001_M.jpg",
		"translatedPosition": "Station Crew Member",
		"position": "FE-5",
		"agency": "ESA",
		"socialSites": [],
		"activities": [
			{
				"index": 0,
				"label": "Sleep",
				"start": "2015-04-11T19:30:00.000Z",
				"end": "2015-04-12T04:00:00.000Z",
				"color": "#9999FF",
				"category": "Routine Activities",
				"description": "Samantha is sleeping in their crew quarters onboard the International Space Station.",
				"links": [
					{
						"type": "Video",
						"name": "What Is The Space Station",
						"url": "http://www.nasa.gov/multimedia/videogallery/index.html?media_id=97766082"
					}
				]
			},
			{
				"index": 1,
				"label": "Personal Time Before Going To Work",
				"start": "2015-04-12T04:00:00.000Z",
				"end": "2015-04-12T05:30:00.000Z",
				"color": "#9999FF",
				"category": "Routine Activities",
				"description": "Samantha is using this time to prepare for the activities of the day by doing things such as eating breakfast, inspecting the Space Station, morning hygienic care, etc.",
				"links": [
					{
						"type": "Video",
						"name": "What Is The Space Station",
						"url": "http://www.nasa.gov/multimedia/videogallery/index.html?media_id=97766082"
					}
				]
			},
			{
				"index": 2,
				"label": "Strength Training Exercise",
				"start": "2015-04-12T08:30:00.000Z",
				"end": "2015-04-12T10:00:00.000Z",
				"color": "#9999FF",
				"category": "Routine Activities",
				"description": "Samantha is exercising on the Advanced Resistive Exercise Device (ARED).",
				"links": [
					{
						"type": "Video",
						"name": "What Is The Space Station",
						"url": "http://www.nasa.gov/multimedia/videogallery/index.html?media_id=97766082"
					}
				]
			},
			{
				"index": 3,
				"label": "Exercise On US Exercise Bike",
				"start": "2015-04-12T10:00:00.000Z",
				"end": "2015-04-12T11:00:00.000Z",
				"color": "#9999FF",
				"category": "Routine Activities",
				"description": "Samantha is exercising on the Cycle Ergometer with Vibration Isolation and Stabilization (CEVIS) U.S. bicycle/ergometer.",
				"links": [
					{
						"type": "Video",
						"name": "What Is The Space Station",
						"url": "http://www.nasa.gov/multimedia/videogallery/index.html?media_id=97766082"
					}
				]
			},
			{
				"index": 4,
				"label": "Lunch",
				"start": "2015-04-12T11:00:00.000Z",
				"end": "2015-04-12T12:00:00.000Z",
				"color": "#9999FF",
				"category": "Routine Activities",
				"description": "Samantha is taking time to eat lunch onboard the ISS.",
				"links": [
					{
						"type": "Video",
						"name": "What Is The Space Station",
						"url": "http://www.nasa.gov/multimedia/videogallery/index.html?media_id=97766082"
					}
				]
			},
			{
				"index": 5,
				"label": "Prepare For The Next Day's Work",
				"start": "2015-04-12T16:55:00.000Z",
				"end": "2015-04-12T17:30:00.000Z",
				"color": "#9999FF",
				"category": "Routine Activities",
				"description": "Samantha is completing evening preparation work which includes plan reviews, report preparations and prep work for the following day.",
				"links": [
					{
						"type": "Video",
						"name": "What Is The Space Station",
						"url": "http://www.nasa.gov/multimedia/videogallery/index.html?media_id=97766082"
					}
				]
			},
			{
				"index": 6,
				"label": "Personal Time Before Going To Sleep",
				"start": "2015-04-12T17:30:00.000Z",
				"end": "2015-04-12T19:30:00.000Z",
				"color": "#9999FF",
				"category": "Routine Activities",
				"description": "Samantha is taking time for personal activities before going to sleep.",
				"links": [
					{
						"type": "Video",
						"name": "What Is The Space Station",
						"url": "http://www.nasa.gov/multimedia/videogallery/index.html?media_id=97766082"
					}
				]
			},
			{
				"index": 7,
				"label": "Sleep",
				"start": "2015-04-12T19:30:00.000Z",
				"end": "2015-04-13T04:00:00.000Z",
				"color": "#9999FF",
				"category": "Routine Activities",
				"description": "Samantha is sleeping in their crew quarters onboard the International Space Station.",
				"links": [
					{
						"type": "Video",
						"name": "What Is The Space Station",
						"url": "http://www.nasa.gov/multimedia/videogallery/index.html?media_id=97766082"
					}
				]
			}
		]
	},
	{
		"index": 5,
		"firstName": "Terry",
		"lastName": "Virts",
		"shortBio": "Born in December 1967 in Baltimore, Maryland, but considers Columbia, Maryland, to be his hometown.; Married to the former Stacy Hill of Columbia, Maryland.; They have two children.; Terry enjoys running, baseball, astronomy, photography, and church activities.; His parents reside in Maryland.",
		"linkToBiography": "http://www.jsc.nasa.gov/Bios/htmlbios/virts-tw.html",
		"linkToPhoto": "http://www.jsc.nasa.gov/Bios/portraits/virts-thumbnail.jpg",
		"translatedPosition": "Station Crew Member",
		"position": "FE-6",
		"agency": "NASA",
		"socialSites": [],
		"activities": []
	}
]