{
	"map": {
		"default": [
			{
				"x": 0,
				"y": 0,
				"w": 64,
				"h": 64
			},
			{
				"x": 64,
				"y": 0,
				"w": 64,
				"h": 64
			},
			{
				"x": 128,
				"y": 0,
				"w": 64,
				"h": 64
			},
			{
				"x": 192,
				"y": 0,
				"w": 64,
				"h": 64
			},
			{
				"x": 0,
				"y": 64,
				"w": 64,
				"h": 64
			},
			{
				"x": 64,
				"y": 64,
				"w": 64,
				"h": 64
			},
			{
				"x": 128,
				"y": 64,
				"w": 64,
				"h": 64
			},
			{
				"x": 192,
				"y": 64,
				"w": 64,
				"h": 64
			}
		],
		"fire": [
			{
				"x": 0,
				"y": 128,
				"w": 64,
				"h": 64
			},
			{
				"x": 64,
				"y": 128,
				"w": 64,
				"h": 64
			},
			{
				"x": 128,
				"y": 128,
				"w": 64,
				"h": 64
			},
			{
				"x": 192,
				"y": 128,
				"w": 64,
				"h": 64
			},
			{
				"x": 0,
				"y": 192,
				"w": 64,
				"h": 64
			},
			{
				"x": 64,
				"y": 192,
				"w": 64,
				"h": 64
			},
			{
				"x": 128,
				"y": 192,
				"w": 64,
				"h": 64
			},
			{
				"x": 192,
				"y": 192,
				"w": 64,
				"h": 64
			}
		]
	},
	"shape": 1,
	"states": {
		"default": {
			"animation": true,
			"duration": 250,
			"loop": true
		},
		"fire": {
			"animation": true,
			"duration": 250,
			"loop": true
		}
	},
	"width": 64,
	"height": 64
}