{
	"intents": [
		{
			"action": "search",
			"format": "search reddit for <input>",
			"data": {
				"plugin": "reddit"
			}
		}, {
			"action": "search",
			"format": "search @<person> on reddit",
			"data": {
				"plugin": "reddit"
			}
		}, {
			"action": "search",
			"format": "search #<topic> on reddit",
			"data": {
				"plugin": "reddit"
			}
		}, {
			"action": "search",
			"format": "search <input> on reddit",
			"data": {
				"plugin": "reddit"
			}
		}, {
			"action": "search",
			"format": "search /r/<topic> for <input>",
			"data": {
				"plugin": "reddit"
			}
		}, {
			"action": "search",
			"format": "search <input> on /r/<topic>",
			"data": {
				"plugin": "reddit"
			}
		}, {
			"action": "search",
			"format": "find @<person> on reddit",
			"data": {
				"plugin": "reddit"
			}
		}, {
			"action": "search",
			"format": "find #<topic> on reddit",
			"data": {
				"plugin": "reddit"
			}
		}, {
			"action": "search",
			"format": "find <input> on reddit",
			"data": {
				"plugin": "reddit"
			}
		}, {
			"action": "search",
			"format": "find <input> on /r/<topic>",
			"data": {
				"plugin": "reddit"
			}
		}, {
			"action": "browse",
			"format": "browse /r/<topic>",
			"data": {
				"plugin": "reddit"
			}
		}, {
			"action": "browse",
			"format": "browse /r/<topic> and /r/<topic>",
			"data": {
				"plugin": "reddit"
			}
		}, {
			"action": "browse",
			"format": "browse /u/<person>",
			"data": {
				"plugin": "reddit"
			}
		}, {
			"action": "browse",
			"format": "browse reddit frontpage",
			"data": {
				"plugin": "reddit"
			}
		}, {
			"action": "browse",
			"format": "browse frontpage",
			"data": {
				"plugin": "reddit"
			}
		}
	]
}
